Country Name,Country Code,Series Name,Series Code,1988 [YR1988],1989 [YR1989],1990 [YR1990],1991 [YR1991],1992 [YR1992],1993 [YR1993],1994 [YR1994],1995 [YR1995],1996 [YR1996],1997 [YR1997],1998 [YR1998],1999 [YR1999],2000 [YR2000],2001 [YR2001],2002 [YR2002],2003 [YR2003],2004 [YR2004],2005 [YR2005],2006 [YR2006],2007 [YR2007],2008 [YR2008],2009 [YR2009],2010 [YR2010],2011 [YR2011],2012 [YR2012],2013 [YR2013],2014 [YR2014],2015 [YR2015],2016 [YR2016]
Afghanistan,AFG,GDP (current US$),NY.GDP.MKTP.CD,..,..,..,..,..,..,..,..,..,..,..,..,3521418059.92345,2813571753.87253,3825701438.99963,4520946818.54581,5224896718.67782,6203256538.70967,6971758282.29351,9747886187.39393,10109297047.5432,12416152732.0567,15856668555.8336,17805098206.3141,19907329777.5872,20146416757.5987,20497128555.6972,19134221644.7325,18116572395.0772
Afghanistan,AFG,"Population, total",SP.POP.TOTL,11523298,11874088,12045660,12238879,13278974,14943172,16250794,17065836,17763266,18452091,19159996,19887785,20130327,20284307,21378117,22733049,23560654,24404567,25424094,25909852,26482622,27466101,28284089,29347708,30560034,31622704,32792523,33831764,34700612
Afghanistan,AFG,Land area (sq. km),AG.LND.TOTL.K2,652230,652230,652230,652230,652230,652230,652230,652230,652230,652230,652230,652230,652230,652230,652230,652230,652230,652230,652230,652230,652230,652230,652230,652230,652230,652230,652230,652230,652230
Africa Eastern and Southern,AFE,GDP (current US$),NY.GDP.MKTP.CD,207369216353.86,220613759094.92,256383478165.175,276918965237.869,241188710607.463,239981577262.429,243477941444.502,273327490479.513,273428068927.083,288271180913.283,268728576302.725,265321450545.646,287042463739.689,260850392951.828,269746460052.503,358116678901.082,445975553009.759,521562847473.691,587454940473.207,674947497627.662,726711167541.424,726850536901.436,863749634744.9,959740239662.05,969171197494.148,981203198866.08,998727180531.477,909905339457.167,832661416653.091
Africa Eastern and Southern,AFE,"Population, total",SP.POP.TOTL,294498625,302939121,311748681,320442961,329082707,338324002,347441809,356580375,366138524,375646235,385505757,395750933,406156661,416807868,427820358,439173286,450928044,463076637,475606210,488580707,502070763,516003448,530308387,544737983,559609961,575202699,590968990,607123269,623369401
Africa Eastern and Southern,AFE,Land area (sq. km),AG.LND.TOTL.K2,11094611,11094611,11094611,11094611,11094611,12195611,12195611,12195611,12195611,12195611,12195611,12195611,12195611,12195611,12195611,12195611,12344190.925,12344236.126,12344228.231,12344274.806,12344236.794,12344269.192,12344957.103,12345207.089,14845137.22,14845099.378,14845052.485,14847062.225,14849026.059
Africa Western and Central,AFW,GDP (current US$),NY.GDP.MKTP.CD,111770322169.923,104577372052.932,124277825786.697,130794315519.435,125449432677.509,130547124413.507,135350756019.472,207843864308.684,263563556144.267,276460023661.688,297126502718.93,140119071338.221,142700161610.021,150714426912.027,180129182230.86,208646527354.852,257939299771.648,316515667947.119,402077365740.543,470947616490.786,574259808704.062,515037106035.585,605794323433.602,691133400013.242,748030003656.774,844187976557.843,904094866776.536,778037497377.313,699979485002.844
Africa Western and Central,AFW,"Population, total",SP.POP.TOTL,198216830,203785781,209281291,214885785,220890339,226927299,233041347,239501493,246128722,252921348,259988556,267171783,274612131,282407479,290455651,298744790,307309912,316156999,325222154,334544275,344153435,353922925,363951468,374374251,384913331,395543613,406457241,417536152,428797338
Africa Western and Central,AFW,Land area (sq. km),AG.LND.TOTL.K2,9045780,9045780,9045780,9045780,9045780,9045780,9045780,9045780,9045780,9045780,9045780,9045780,9045780,9045780,9045780,9045780,9045780,9045780,9045780,9045780,9045780,9045780,9045780,9045780,9045780,9045780,9045780,9045780,9045780
Albania,ALB,GDP (current US$),NY.GDP.MKTP.CD,2051236250,2253090000,2028553750,1099559027.77778,652174990.837304,1185315468.46295,1880950864.41311,2905092798.61916,3234486232.04392,2293666029.99318,2600356999.20614,3283941510.49964,3584570164.85195,4059064033.13379,4515003116.68036,5801712040.48463,7406645793.44038,8256658249.8128,9150528132.17633,11116937869.8568,13258506375.4518,12335540656.1006,12086545641.299,12973755874.5365,12246499747.9714,12796985886.1478,13296322588.1684,11470171826.9575,11988668784.6628
Albania,ALB,"Population, total",SP.POP.TOTL,3142336,3227943,3286542,3266790,3247039,3227287,3207536,3187784,3168033,3148281,3128530,3108778,3089027,3060173,3051010,3039616,3026939,3011487,2992547,2970017,2947314,2927519,2913021,2905195,2860708,2816902,2773767,2731293,2689469
Albania,ALB,Land area (sq. km),AG.LND.TOTL.K2,27400,27400,27400,27400,27400,27400,27400,27400,27400,27400,27400,27400,27400,27400,27400,27400,27400,27400,27400,27400,27400,27400,27400,27400,27400,27400,27400,27400,27400
Algeria,DZA,GDP (current US$),NY.GDP.MKTP.CD,59089396860.4342,55634721572.7343,62048507531.3357,45715676428.2766,48003133346.9957,49945584452.6506,42543176828.9237,41764291671.7711,46941554225.3581,48177612042.1507,48187781984.4881,48640671734.9711,54790398570.3282,59413400923.6364,61516103406.1688,73482264190.9245,91913680985.1708,107046618669.707,123084258693.01,142482739809.849,180383848331.135,150317292079.359,177785053939.531,218331946925.304,227143746075.934,229701430292.157,238942664192.59,187493855609.345,180763839522.151
Algeria,DZA,"Population, total",SP.POP.TOTL,24109536,24754485,25375810,25987928,26628568,27277048,27887279,28470191,29033044,29579301,30054133,30474354,30903893,31331221,31750835,32175818,32628286,33109249,33623506,34189416,34816961,35490445,36188236,36903376,37646166,38414171,39205031,40019529,40850721
Algeria,DZA,Land area (sq. km),AG.LND.TOTL.K2,2381740,2381740,2381740,2381740,2381740,2381740,2381740,2381740,2381740,2381740,2381740,2381740,2381740,2381740,2381740,2381740,2381740,2381740,2381740,2381740,2381740,2381740,2381740,2381740,2381740,2381740,2381740,2381741,2381741
American Samoa,ASM,GDP (current US$),NY.GDP.MKTP.CD,..,..,..,..,..,..,..,..,..,..,..,..,..,..,512000000,524000000,509000000,500000000,493000000,518000000,560000000,675000000,573000000,570000000,640000000,638000000,643000000,673000000,671000000
American Samoa,ASM,"Population, total",SP.POP.TOTL,43615,45191,46640,47882,49038,50159,51251,52316,53353,54362,55334,56248,56855,57053,57062,56971,56818,56617,56374,56113,55828,55528,55228,54895,54489,54006,53466,52878,52245
American Samoa,ASM,Land area (sq. km),AG.LND.TOTL.K2,200,200,200,200,200,200,200,200,200,200,200,200,200,200,200,200,200,200,200,200,200,200,200,200,200,200,200,200,200
Andorra,AND,GDP (current US$),NY.GDP.MKTP.CD,721425939.15155,795489582.04491,1028989692.06787,1106891361.53948,1209992020.29543,1007090269.86956,1017544068.8408,1178745282.8678,1224024139.21295,1180645571.8643,1211953994.05714,1240295103.08568,1432606188.65883,1548265807.99606,1764279824.23138,2366941808.98431,2900245324.32047,3161084091.26848,3459337986.67058,3957625367.30589,4102319398.76562,3688976340.67187,3449925738.83334,3629133574.51363,3188652765.29297,3193512950.0157,3271685596.52156,2789881258.60547,2896610479.86771
Andorra,AND,"Population, total",SP.POP.TOTL,49416,50620,52597,56667,60200,63272,64612,63912,63984,64700,65382,65710,65685,65852,66506,69486,74325,77421,79585,81877,83495,83888,80706,77783,76834,75194,73737,72174,72181
Andorra,AND,Land area (sq. km),AG.LND.TOTL.K2,470,470,470,470,470,470,470,470,470,470,470,470,470,470,470,470,470,470,470,470,470,470,470,470,470,470,470,470,470
Angola,AGO,GDP (current US$),NY.GDP.MKTP.CD,8769836768.83478,10201780976.6695,11229515599.3048,10603784541.197,8307810973.58848,5768720421.61367,4438321017.39068,5538749259.94714,7526421519.16979,7648380195.59902,6506221615.78722,6152923310.44546,9129594970.15301,8936079117.73136,17311512433.1938,20342128111.9406,26997977896.2907,41396636383.8231,58653659979.5501,73037821926.4655,98790432989.3077,81705175408.8809,95546919754.2873,125551634704.941,143572907527.976,148845200696.335,153449860495.966,102543067840.819,60770049747.3832
Angola,AGO,"Population, total",SP.POP.TOTL,10861291,11238562,11626360,12023529,12423712,12827135,13249764,13699778,14170973,14660413,15159370,15667235,16194869,16747208,17327699,17943712,18600423,19291161,20015279,20778561,21578655,22414773,23294825,24218352,25177394,26165620,27160769,28157798,29183070
Angola,AGO,Land area (sq. km),AG.LND.TOTL.K2,1246700,1246700,1246700,1246700,1246700,1246700,1246700,1246700,1246700,1246700,1246700,1246700,1246700,1246700,1246700,1246700,1246700,1246700,1246700,1246700,1246700,1246700,1246700,1246700,1246700,1246700,1246700,1246700,1246700
Antigua and Barbuda,ATG,GDP (current US$),NY.GDP.MKTP.CD,411396296.296296,455174074.074074,478718518.518519,504337037.037037,525133333.333333,565662962.962963,625081481.481481,616051851.851852,679140740.740741,734422222.222222,789788888.888889,835544444.444444,901003703.703704,877774074.074074,898092592.592592,948100000,1026329629.62963,1143896296.2963,1303674074.07407,1487381481.48148,1557640740.74074,1386518518.51852,1298348148.14815,1287359259.25926,1364729629.62963,1325496296.2963,1378707407.40741,1437485185.18519,1489603703.7037
Antigua and Barbuda,ATG,"Population, total",SP.POP.TOTL,63623,63325,63066,63387,64404,65587,66843,68189,69612,71053,72412,73666,74912,76069,77032,77884,78719,79611,80604,81704,82912,84173,85320,86332,87260,88064,88765,89409,89969
Antigua and Barbuda,ATG,Land area (sq. km),AG.LND.TOTL.K2,440,440,440,440,440,440,440,440,440,440,440,440,440,440,440,440,440,440,440,440,440,440,440,440,440,440,440,440,440
Arab World,ARB,GDP (current US$),NY.GDP.MKTP.CD,429362575737.796,457356315289.488,641683975928.51,467929157934.646,467773400613.497,478901864353.457,499875741124.964,528474736899.022,570906140763.65,614595216835.673,598783460087.878,665404764120.193,763400074351.443,744564338442.53,746768175363.066,830076531568.175,987304821542.152,1210081941398.6,1439461123430.75,1674640786036.4,2121063708751.66,1832774180319.93,2165961502751.72,2576183850806.81,2816787067316.22,2887116130913.48,2940745822078.8,2584151265962.58,2540369856563.15
Arab World,ARB,"Population, total",SP.POP.TOTL,210269696,215969068,223184294,228402316,234321565,240926205,247626514,253952538,260229121,266565183,273094199,279709634,286548096,293580252,300691509,307815105,315060277,322628451,330526310,338947976,347684619,356386673,363568534,372054934,381030177,390954281,400231008,410190679,419808341
Arab World,ARB,Land area (sq. km),AG.LND.TOTL.K2,11235411,11235411,11235411,11235411,11235431,11235431,11235431,11235431,11235431,11235431,11235431,11235431,11235431,11235431,11235431,11235251,11235241,11235251,11235311,11235331,11235341,11232831,11232823,11232828,13100831,13100639,13100520,13100528,13100529
Argentina,ARG,GDP (current US$),NY.GDP.MKTP.CD,126890235049.092,76629728760.123,141352654305.163,189719984268.485,228778917308.17,236741715015.015,257440000000,258031750000,272149750000,292859000000,298948250000,283523000000,284203750000,268696750000,97724004251.8602,127586973492.177,164657930452.787,198737095012.282,232557260817.308,287530508430.568,361558037110.419,332976484577.619,423627422092.49,530158122010.442,545982375701.128,552025140252.246,526319673731.638,594749285413.212,557532320662.955
Argentina,ARG,"Population, total",SP.POP.TOTL,31780532,32270948,32755901,33230294,33693527,34152717,34613491,35070020,35513793,35947791,36372860,36794682,37213984,37624825,38029349,38424282,38815916,39216789,39622115,40016763,40424148,40854831,41288694,41730660,42161721,42582455,43024071,43477012,43900313
Argentina,ARG,Land area (sq. km),AG.LND.TOTL.K2,2736690,2736690,2736690,2736690,2736690,2736690,2736690,2736690,2736690,2736690,2736690,2736690,2736690,2736690,2736690,2736690,2736690,2736690,2736690,2736690,2736690,2736690,2736690,2736690,2736690,2736690,2736690,2736690,2736690
Armenia,ARM,GDP (current US$),NY.GDP.MKTP.CD,..,..,2256863448.77086,2069870129.87013,1272835453.42634,1201312829.27524,1315158636.67553,1468317435.20148,1596968946.23708,1639492444.76152,1893726437.26462,1845482173.02732,1911563668.85006,2118467913.37873,2376335048.39976,2807061008.69084,3576615240.41616,4900469511.10191,6384452066.5146,9206301269.79164,11662040713.8753,8647937081.2562,9260285755.62424,10142111824.5835,10619320682.9474,11121464437.0415,11609513246.7958,10553337518.414,10546136235.5219
Armenia,ARM,"Population, total",SP.POP.TOTL,3355125,3443100,3552128,3613977,3571861,3453332,3364610,3307581,3278735,3246289,3208401,3167286,3221100,3211800,3199800,3182500,3164900,3146400,3127100,3107400,3087100,3066000,3044800,3027900,3024100,3022000,3013800,3004600,2992300
Armenia,ARM,Land area (sq. km),AG.LND.TOTL.K2,..,..,..,..,28470,28470,28470,28470,28470,28470,28470,28470,28470,28470,28470,28470,28470,28470,28470,28470,28470,28470,28470,28470,28470,28470,28470,28470,28470
Aruba,ABW,GDP (current US$),NY.GDP.MKTP.CD,596648044.692737,695530726.256983,764804469.273743,872067039.106145,958659217.877095,1083240223.46369,1245810055.86592,1320670391.06145,1379888268.15642,1531843575.41899,1665363128.49162,1722905027.93296,1873452513.96648,1896456983.24022,1961843575.41899,2044111731.84358,2254830726.25698,2360017318.43575,2469782681.56425,2677641340.78212,2843024581.00559,2553793296.08939,2453597206.70391,2637859217.87709,2615208379.88827,2727849162.01117,2790849720.67039,2962906703.91061,2983637430.1676
Aruba,ABW,"Population, total",SP.POP.TOTL,59331,60443,62753,65896,69005,73685,77595,79805,83021,86301,88451,89659,90588,91439,92074,93128,95138,97635,99405,100150,100917,101604,101838,102591,104110,105675,106807,107906,108727
Aruba,ABW,Land area (sq. km),AG.LND.TOTL.K2,180,180,180,180,180,180,180,180,180,180,180,180,180,180,180,180,180,180,180,180,180,180,180,180,180,180,180,180,180
Australia,AUS,GDP (current US$),NY.GDP.MKTP.CD,236461079970.431,300264309002.14,311840666465.053,326416407860.792,325982966981.415,312568858909.5,323269456935.317,368725126225.126,401962517479.122,436321902767.408,400361527504.578,390347787943.351,416901962163.479,380360222861.197,396436967262.563,468517181129.878,615643050220.515,696811489612.816,749708370332.989,856603595823.192,1058448244063.77,931761689770.843,1152566632022.13,1402939868653.4,1552728401401.58,1583737461925.39,1474677007565.64,1356805839935.9,1211588128417.61
Australia,AUS,"Population, total",SP.POP.TOTL,16532164,16814416,17065128,17284036,17478635,17634808,17805468,18004882,18224767,18423037,18607584,18812264,19028802,19274701,19495210,19720737,19932722,20176844,20450966,20827622,21249199,21691653,22031750,22340024,22733465,23128129,23475686,23815995,24190907
Australia,AUS,Land area (sq. km),AG.LND.TOTL.K2,7682300,7682300,7682300,7682300,7682300,7682300,7682300,7682300,7682300,7682300,7682300,7682300,7682300,7682300,7682300,7682300,7682300,7682300,7682300,7682300,7682300,7682300,7682300,7682300,7682300,7682300,7682300,7682300,7692020
Austria,AUT,GDP (current US$),NY.GDP.MKTP.CD,132817124707.456,132584448257.93,165811372382.912,173113449616.971,194314032056.098,189634029338.696,202738023129.743,240094169510.031,235952581232.129,211724812267.448,217068085815.918,216421809125.916,196181599831.287,196477206829.33,212837224022.813,260779834340.097,299210411454.823,313952317330.776,333905979332.481,386760177589.497,429234399096.173,399290118782.429,389827789217.634,428954737064.057,406750487603.59,426580502769.417,438556021078.034,379546097300.633,393687359770.273
Austria,AUT,"Population, total",SP.POP.TOTL,7585317,7619567,7677850,7754891,7840709,7905633,7936118,7948278,7959017,7968041,7976789,7992324,8011566,8042293,8081957,8121423,8171966,8227829,8268641,8295487,8321496,8343323,8363404,8391643,8429991,8479823,8546356,8642699,8736668
Austria,AUT,Land area (sq. km),AG.LND.TOTL.K2,82520,82520,82520,82520,82520,82520,82520,82520,82520,82520,82520,82520,82520,82520,82520,82520,82520,82520,82520,82520,82520,82520,82520,82520,82520,82520,82520,82520,82520
Azerbaijan,AZE,GDP (current US$),NY.GDP.MKTP.CD,..,..,8884848484.84848,5344000000,444658671.586716,1570392598.14954,1193141110.35043,2417331192.9526,3176507376.31836,3962362387.47922,4446368570.6901,4581248566.50158,5272615722.96892,5707616203.72011,6236087738.28284,7276413079.11451,8680405740.94125,13245421880.834,20981929497.6188,33049419431.2244,48851293785.4483,44292427184.9492,52909294791.9262,65952796427.9473,69679944504.1972,74160560123.6902,75239785452.1022,53076235354.746,37866996882.9157
Azerbaijan,AZE,"Population, total",SP.POP.TOTL,6974600,7076550,7175200,7271300,7382050,7494800,7596550,7684850,7763000,7838250,7913000,7982750,8048600,8111200,8171950,8234100,8306500,8391850,8484550,8581300,8763400,8947243,9054332,9173082,9295784,9416801,9535079,9649341,9757812
Azerbaijan,AZE,Land area (sq. km),AG.LND.TOTL.K2,..,..,..,..,83217,83217,83217,83217,83217,83217,83092,82705,82605,82604,82618,82652,82672,82660,82637,82629,82627,82622,82656,82658,82658,82659,82663,82663,82670
"Bahamas, The",BHS,GDP (current US$),NY.GDP.MKTP.CD,2817900000,3062000000,3166000000,3111160000,3109000000,3092000000,3259000000,3429000000,3609000000,6332360000,6833220000,7683870000,8076470000,8317830000,8881160000,8870090000,9055290000,9836200000,10167250000,10618340000,10526000000,9981960000,10095760000,10070450000,10720400000,10475300000,11139100000,11837600000,11880900000
"Bahamas, The",BHS,"Population, total",SP.POP.TOTL,266448,271178,275945,280731,285927,291339,296509,301461,306268,310904,315368,319614,323835,327836,331614,335618,339782,343894,348375,353334,358120,362810,367478,371729,375469,378953,382298,385346,388055
"Bahamas, The",BHS,Land area (sq. km),AG.LND.TOTL.K2,10010,10010,10010,10010,10010,10010,10010,10010,10010,10010,10010,10010,10010,10010,10010,10010,10010,10010,10010,10010,10010,10010,10010,10010,10010,10010,10010,10010,10010
Bahrain,BHR,GDP (current US$),NY.GDP.MKTP.CD,4209834172.87234,4393093962.76596,4809511005.31915,5248911170.21277,5402232446.80851,5913001063.82979,6330627925.53191,6651180851.06383,6938166755.31915,7219407712.76596,7031309042.55319,7528469148.93617,9062898936.17021,8976196808.51064,9593510638.29787,11074813829.7872,13150159574.4681,15968723404.2553,18504760638.2979,21730000000,25710904255.3191,22938218085.1064,26805984042.5532,29914680851.0638,31963404255.3191,33823324468.0851,34772526595.7447,32523297872.3404,33884680851.0638
Bahrain,BHR,"Population, total",SP.POP.TOTL,479929,497327,514797,503052,516458,530225,544366,558879,573792,589115,604842,620989,637582,661316,710553,764517,823741,888822,960424,1039295,1103496,1178415,1228543,1195020,1208964,1253191,1314562,1370322,1423726
Bahrain,BHR,Land area (sq. km),AG.LND.TOTL.K2,690,690,690,690,710,710,710,710,710,710,710,710,710,710,710,720,730,740,740,750,760,760,762,767,770,770,771,778,779
Bangladesh,BGD,GDP (current US$),NY.GDP.MKTP.CD,26579005558.3652,28781715188.8919,31598340778.2164,30957483949.5798,31708874594.1645,33166519417.9894,33768660882.793,37939748768.6567,46438484107.5795,48244309133.4895,49984559471.3656,51270569883.5275,53369787318.6245,53991289844.3291,54724081490.5102,60158929188.2556,65108544250.0425,69476001239.419,71795736172.1561,79611644974.5571,91636997370.9772,102475158190.998,115275540051.262,128607482310.357,133310747603.483,149998957434.186,172886611653.786,195146608978.131,265224515675.034
Bangladesh,BGD,"Population, total",SP.POP.TOTL,107216008,109433799,111633717,113787109,115952192,118132360,120343179,122600370,124862179,127198069,129622332,132108065,134544304,136805810,138933658,140970351,142902856,144715786,146405973,147989278,149474264,150873714,152201981,153591076,155070101,156532141,157964929,159383179,160811932
Bangladesh,BGD,Land area (sq. km),AG.LND.TOTL.K2,130170,130170,130170,130170,130170,130170,130170,130170,130170,130170,130170,130170,130170,130170,130170,130170,130170,130170,130170,130170,130170,130170,130170,130170,130170,130170,130170,130170,130170
Barbados,BRB,GDP (current US$),NY.GDP.MKTP.CD,1812757917.76463,2006165166.80754,2012131457.26644,2020583702.08323,1957000000,2063342117.03873,2151344901.30761,2216974096.35559,2363645403.47039,2498384129.66738,2817083478.34734,2951822204.54432,3059500000,3054500000,3106500000,3209500000,3444500000,3819500000,4217323400,4675767950,4790410400,4466809600,5428683250,5563162050,5486500500,5660059700,5684901000,5699619150,5679029450
Barbados,BRB,"Population, total",SP.POP.TOTL,257763,258109,258582,259373,260267,261027,261620,262039,262284,262392,262436,262517,262063,262425,264148,265776,267298,268706,270002,271288,272714,274123,275243,276139,276938,277665,278348,278990,279598
Barbados,BRB,Land area (sq. km),AG.LND.TOTL.K2,430,430,430,430,430,430,430,430,430,430,430,430,430,430,430,430,430,430,430,430,430,430,430,430,430,430,430,430,430
Belarus,BLR,GDP (current US$),NY.GDP.MKTP.CD,..,..,17389558232.9317,18404907975.4601,16939790093.9054,16275073526.9819,14931435232.078,13972683273.5692,14500437519.8258,14128408565.7064,15222012660.4232,12138486532.0203,12736856827.9847,12354820143.8849,14594900944.7658,17825444724.4878,23141566292.9462,30210091836.8294,36961894281.3444,45275711995.825,60752106347.126,50873167326.0414,57231904542.8755,61762382327.9319,65685890438.8922,75527558966.4473,78813069120.9984,56454769844.7632,47723545321.259
Belarus,BLR,"Population, total",SP.POP.TOTL,10140000,10170000,10189348,10194050,10216470,10239050,10226955,10193831,10159569,10117433,10071963,10026738,9979610,9928549,9865548,9796749,9730146,9663915,9604924,9560953,9527985,9504583,9483836,9461643,9446836,9443211,9448515,9461076,9469379
Belarus,BLR,Land area (sq. km),AG.LND.TOTL.K2,..,..,..,..,202928,202892,202878,202868,202854,202855,202829,202835,202848,202844,202829,202826,202815,202833,202904,202901,202902,202898,202902,202910,202899,202908,202973,202978,202988
Belgium,BEL,GDP (current US$),NY.GDP.MKTP.CD,162299103675.261,164221056511.057,205331747947.851,210510999409.333,234781652446.675,224721795708.955,244884129491.198,288025588396.278,279201433224.756,252708051420.839,258528339631.029,258245733221.468,236792460312.471,236746141604.37,258383599375.177,318082528506.588,369214712443.206,385714762230.039,408259840868.823,470922156309.453,517328087920.078,485014525992.461,481556503720.001,527196649048.639,498414364944.961,524097026598.55,537987419164.351,461044767544.531,474271566739.729
Belgium,BEL,"Population, total",SP.POP.TOTL,9901664,9937697,9967379,10004486,10045158,10084475,10115603,10136811,10156637,10181245,10203008,10226419,10251250,10286570,10332785,10376133,10421137,10478617,10547958,10625700,10709973,10796493,10895586,11038264,11106932,11159407,11209057,11274196,11331422
Belgium,BEL,Land area (sq. km),AG.LND.TOTL.K2,..,..,..,..,..,..,..,..,..,..,..,..,30333,30333,30333,30333,30333,30333,30333,30333,30333,30333,30333,30333,30333,30333,30333,30333,30333
Belize,BLZ,GDP (current US$),NY.GDP.MKTP.CD,421450000,491100000,546750912.28848,596682100,695741150,752255150,771838000,818590250,850339100,872916050,929047000,999713050,1138138100,1172045150,1243912050,1308280250,1400202000,1474298400,1590463100,1706190450,1738453600,1688012750,1748988400,1831576700,1917083500,2035191450,2138242200,2193095150,2239604950
Belize,BLZ,"Population, total",SP.POP.TOTL,175180,179107,183076,187040,190983,194902,199097,204146,210310,217446,225173,233059,240799,248379,256009,263780,271688,279731,287878,296100,304361,312614,320245,327298,334414,341627,348923,356333,364705
Belize,BLZ,Land area (sq. km),AG.LND.TOTL.K2,22810,22810,22810,22810,22810,22810,22810,22810,22810,22810,22810,22810,22810,22810,22810,22810,22810,22810,22810,22810,22810,22810,22810,22810,22810,22810,22810,22810,22810
Benin,BEN,GDP (current US$),NY.GDP.MKTP.CD,1620246083.79478,1502294416.17129,1959965330.14765,1986437796.53053,1695315305.70308,2274558082.76135,1598075943.86774,2169627137.9207,2361116449.39308,2268301646.46707,2455092686.34712,3677393998.74486,3519991440.47913,3666222635.13875,4194342686.2178,5349258094.48239,6190270380.49856,6567654954.38903,7034111314.88812,8169048382.83875,9787734526.23965,9738626517.00319,9535345015.78355,10693321363.6574,11141358115.8991,12517845123.9315,13284527846.9081,11388160996.7738,11821065853.3838
Benin,BEN,"Population, total",SP.POP.TOTL,4967341,5121657,5281479,5446932,5617844,5872706,6096506,6226773,6391858,6583365,6789489,7002818,7221619,7445596,7675426,7913070,8159094,8426144,8693242,8953969,9228466,9509423,9797484,10093623,10397657,10708834,11030004,11360681,11697842
Benin,BEN,Land area (sq. km),AG.LND.TOTL.K2,112760,112760,112760,112760,112760,112760,112760,112760,112760,112760,112760,112760,112760,112760,112760,112760,112760,112760,112760,112760,112760,112760,112760,112760,112760,112760,112760,112760,112760
Bermuda,BMU,GDP (current US$),NY.GDP.MKTP.CD,1415100032,1501500032,1592400000,1634900000,1679900000,1820359900,1867160100,2030750000,2695390000,2932827000,3130748000,3324433000,3480219000,3680483000,3937228000,4186525000,4484703000,4868136000,6144000000,6767000000,6980000000,6656000000,6634526000,6312691000,6378188000,6465756000,6413988000,6654541000,6899911000
Bermuda,BMU,"Population, total",SP.POP.TOTL,56699,57129,57559,57984,58407,58816,59194,59526,59813,60177,60639,61124,61550,61867,62142,62386,62555,62711,62834,63010,63300,63565,63725,63733,63646,63574,63529,63464,63449
Bermuda,BMU,Land area (sq. km),AG.LND.TOTL.K2,54,54,54,54,54,54,54,54,54,54,54,54,54,54,54,54,54,54,54,54,54,54,54,54,54,54,54,54,54
Bhutan,BTN,GDP (current US$),NY.GDP.MKTP.CD,272298066.556045,264798626.174848,287765007.112863,240294286.015925,240233531.160464,225973692.8371,258954708.048533,290490983.815778,303408345.620078,352229076.707627,363458380.903342,399311199.50776,460733418.399276,496110225.710307,559345263.708309,651935430.314445,735348490.428435,860391000.221655,942879878.538879,1255767964.00491,1317517834.59916,1331343797.77308,1708880730.20989,1977728658.68259,1973387227.96519,1943696951.65411,2089079570.58285,2187815803.36833,2357504760.78592
Bhutan,BTN,"Population, total",SP.POP.TOTL,556986,573586,589287,599784,577774,554673,554497,547989,548784,558697,569435,582579,596863,610794,624409,637663,650544,661865,670799,678641,686351,693988,701632,709377,717279,725273,733139,740618,747866
Bhutan,BTN,Land area (sq. km),AG.LND.TOTL.K2,46723,46723,46723,46723,46723,46723,39800,39800,39800,39800,39800,39800,39800,39800,39800,39800,38117,38117,38117,38117,38117,38117,38117,38117,38117,38117,38117,38117,38144
Bolivia,BOL,GDP (current US$),NY.GDP.MKTP.CD,4597612362.2748,4715973437.43673,4867582597.51312,5343262457.10226,5643868748.68126,5734699488.84934,5981222858.82727,6715161732.22658,7396949126.35685,7925736821.45034,8497494652.12546,8285064434.56826,8397855484.76908,8141516928.39489,7905485146.44351,8082399639.54305,8773451751.5121,9549122905.32852,11451844902.2214,13120108008.3477,16674276285.8956,17339992193.7322,19649723722.1034,23963164696.592,27084497481.9103,30659338885.6729,32996188017.3661,33000198248.9146,33941126193.9219
Bolivia,BOL,"Population, total",SP.POP.TOTL,6835508,6981766,7130142,7280289,7430336,7579195,7727322,7874676,8021736,8167900,8313394,8459806,8606326,8752736,8900355,9050700,9204287,9360754,9521689,9685960,9850858,10016275,10182345,10348929,10515807,10682608,10848888,11014705,11180020
Bolivia,BOL,Land area (sq. km),AG.LND.TOTL.K2,1083300,1083300,1083300,1083300,1083300,1083300,1083300,1083300,1083300,1083300,1083300,1083300,1083300,1083300,1083300,1083300,1083300,1083300,1083300,1083300,1083300,1083300,1083300,1083300,1083300,1083300,1083300,1083300,1083300
Bosnia and Herzegovina,BIH,GDP (current US$),NY.GDP.MKTP.CD,..,..,7753478260.86957,6122959183.67347,4735044707.23969,3630668949.83246,1255802469.1358,1866572953.73665,2786045321.63743,3671909673.04401,4116774300.60671,4686256363.04707,5567772768.81188,5800615374.76094,6728220982.88398,8498894359.38629,10156541220.9704,11222796336.5426,12864841905.9543,15778734264.3787,19112796623.1175,17613949091.2294,17176315803.7298,18644233537.1093,17226735995.6905,18179109209.3892,18558734107.1478,16404348361.0926,17116926553.8513
Bosnia and Herzegovina,BIH,"Population, total",SP.POP.TOTL,4414404,4433983,4448652,4458343,4234616,3904482,3725412,3715564,3875246,4018227,4089356,4130305,4159771,4179438,4188002,4178523,4140987,4096493,4063272,4013424,3947544,3879794,3811472,3741798,3670113,3610859,3564829,3518541,3473003
Bosnia and Herzegovina,BIH,Land area (sq. km),AG.LND.TOTL.K2,..,..,..,..,51200,51200,51200,51200,51200,51200,51200,51200,51200,51200,51200,51200,51200,51200,51200,51200,51200,51200,51200,51200,51200,51200,51200,51200,51200
Botswana,BWA,GDP (current US$),NY.GDP.MKTP.CD,2644554158.72794,3083822112.02023,3790636324.44775,3942876703.45184,4146464586.61674,4160129174.70569,4259259604.15623,4730599121.92704,4847757217.75815,5020265626.66489,4790481509.17679,5484263346.88105,5788329609.15755,5489608299.66445,5438863982.88692,7511582173.37724,8957467706.5354,9918907108.09702,9919158482.41085,10567270655.5027,10730829116.4105,10118459242.3183,12637273429.1339,15110643612.1729,13907464500.1489,14271738933.2042,15470088500.7414,13530748844.505,15082637184.0496
Botswana,BWA,"Population, total",SP.POP.TOTL,1235476,1270274,1305696,1341756,1380033,1420115,1460023,1498836,1535914,1571691,1606899,1641997,1677382,1712254,1744763,1775736,1807146,1839877,1874516,1911201,1949970,1990673,2033111,2073535,2108617,2140682,2172044,2203273,2234776
Botswana,BWA,Land area (sq. km),AG.LND.TOTL.K2,566730,566730,566730,566730,566730,566730,566730,566730,566730,566730,566730,566730,566730,566730,566730,566730,566730,566730,566730,566730,566730,566730,566730,566730,566730,566730,566730,566730,566730
Brazil,BRA,GDP (current US$),NY.GDP.MKTP.CD,307881930752.268,412990820287.42,384959818181.817,342534090909.091,328191909882.232,368292034380.96,525369467295.737,769333050986.905,850426432991.742,883206179730.462,863710759256.435,599642024319.531,655448231983.527,559983634798.981,509795273806.715,558233745651.874,669289424806.307,891633839894.183,1107626541434.92,1397114486368.67,1695855083497.52,1666996438581.43,2208837745100.55,2616156223917.69,2465227802806.76,2472819535557.21,2456043727198.85,1802212206814.5,1795693482853.01
Brazil,BRA,"Population, total",SP.POP.TOTL,143826357,146502972,149143223,151724256,154275079,156794577,159265006,161735073,164202549,166661659,169159655,171641543,174018282,176301203,178503484,180622688,182675143,184688101,186653106,188552320,190367302,192079951,193701929,195284734,196876111,198478299,200085127,201675532,203218114
Brazil,BRA,Land area (sq. km),AG.LND.TOTL.K2,8358140,8358140,8358140,8358140,8358140,8358140,8358140,8358140,8358140,8358140,8358140,8358140,8358140,8358140,8358140,8358140,8358140,8358140,8358140,8358140,8358140,8358140,8358140,8358140,8358140,8358140,8358140,8358140,8358140
British Virgin Islands,VGB,GDP (current US$),NY.GDP.MKTP.CD,..,..,..,..,..,..,..,..,..,..,..,..,..,..,..,..,..,..,..,..,..,..,..,..,..,..,..,..,..
British Virgin Islands,VGB,"Population, total",SP.POP.TOTL,14680,15180,15704,16187,16593,16989,17406,17840,18287,18756,19238,19730,20241,20796,21430,22134,22881,23665,24493,25366,26288,27218,27675,28710,30345,31703,32962,34498,33878
British Virgin Islands,VGB,Land area (sq. km),AG.LND.TOTL.K2,150,150,150,150,150,150,150,150,150,150,150,150,150,150,150,150,150,150,150,150,150,150,150,150,150,150,150,150,150
Brunei Darussalam,BRN,GDP (current US$),NY.GDP.MKTP.CD,4535130304.71096,4983622880.99938,6039881086.68157,6284497293.85546,6327966435.17026,6203339912.15448,6467782517.72242,7700144069.1419,7663377306.04996,7793034376.20807,5550846019.54348,6309070377.5966,6570999087.56742,6096155767.38145,6333082875.56937,7167725261.92713,8619178773.51458,10547202620.5286,12644616418.691,13432029484.4012,15926456515.0049,11912904509.8582,13707121038.4383,18524791062.657,19048443340.7732,18094148098.6536,17097797386.0336,12930296870.1247,11400266044.6651
Brunei Darussalam,BRN,"Population, total",SP.POP.TOTL,240913,248064,255292,262596,269839,276971,284091,291195,298276,305341,312385,319411,326424,333345,340099,346637,352911,358916,364663,370873,377793,384952,392332,399389,405557,411202,416750,422212,427564
Brunei Darussalam,BRN,Land area (sq. km),AG.LND.TOTL.K2,5270,5270,5270,5270,5270,5270,5270,5270,5270,5270,5270,5270,5270,5270,5270,5270,5270,5270,5270,5270,5270,5270,5270,5270,5270,5270,5270,5270,5270
Bulgaria,BGR,GDP (current US$),NY.GDP.MKTP.CD,23003003707.7017,21746286446.7922,20726605648.7971,7628764750.15655,8602874120.17193,10832041595.4026,9709230161.35834,18992388645.3609,12295588923.8007,11316706412.4362,15031821788.158,13637793853.9432,13246669553.9701,14184170318.951,16403880782.9964,21146038619.2612,26159078743.1056,29870182424.913,34382295487.2238,44433521724.8301,54483464293.1671,52026461289.6618,50691645231.0083,57684243980.4624,54299825600.0647,55822115861.1854,57083817239.8145,50768512172.9373,53932152153.5457
Bulgaria,BGR,"Population, total",SP.POP.TOTL,8981446,8876972,8718289,8632367,8540164,8472313,8443591,8406067,8362826,8312068,8256786,8210624,8170172,8009142,7837161,7775327,7716860,7658972,7601022,7545338,7492561,7444443,7395599,7348328,7305888,7160005,7073572,6984225,6894139
Bulgaria,BGR,Land area (sq. km),AG.LND.TOTL.K2,110630,110630,110630,110630,110630,110630,110630,110630,110630,110630,110630,110630,110630,110630,108800,108770,108760,108640,108630,108610,108610,108560,108560,108560,108560,108560,108560,108560,108560
Burkina Faso,BFA,GDP (current US$),NY.GDP.MKTP.CD,2616040478.99309,2615587733.97303,3101300778.56414,3135045584.08387,3356692505.18266,3199536465.23328,1895290637.09504,2379517975.28056,2586550595.41013,2447669101.95178,2804902367.14687,3389566712.66037,2968370087.59759,3190371080.94768,3622350062.96053,4740768142.67494,5451688537.60959,6146353173.34929,6547419820.38113,7625722836.76847,9451435490.11467,9450696873.34326,10109619740.6994,12080295977.5632,12561015156.5683,13444300485.8412,13943016076.7436,11832159315.6298,12833363045.3367
Burkina Faso,BFA,"Population, total",SP.POP.TOTL,8687435,8921175,9159356,9394632,9629275,9871713,10123798,10386722,10655942,10934223,11240664,11574928,11925546,12295001,12680897,13082532,13500533,13932123,14373707,14816307,15258093,15710066,16176498,16661908,17172287,17695409,18229461,18777487,19334856
Burkina Faso,BFA,Land area (sq. km),AG.LND.TOTL.K2,273600,273600,273600,273600,273600,273600,273600,273600,273600,273600,273600,273600,273600,273600,273600,273600,273600,273600,273600,273600,273600,273600,273600,273600,273600,273600,273600,273600,273600
Burundi,BDI,GDP (current US$),NY.GDP.MKTP.CD,1082403219.48787,1113924130.41149,1132101252.51817,1167398478.3459,1083037670.60484,938632612.026359,925030590.153683,1000428393.88528,869033856.317093,972896267.915425,893770740.207416,808077223.365746,870486065.883137,876794723.068586,825394519.423728,784654423.620476,915257323.3961,1117113079.73645,1273375078.44844,1356199387.42308,1611835857.04588,1775495032.424,2032135192.01248,2235812879.56709,2327402362.81574,2451624637.67157,2705826648.21019,2810532912.49975,2618093125.14687
Burundi,BDI,"Population, total",SP.POP.TOTL,5365327,5471706,5587052,5703857,5858407,5676843,5713854,6066316,6070506,6070042,6187108,6337155,6470194,6634365,6824132,7043154,7310656,7587299,7865547,8161874,8505637,8947646,9376444,9717978,10071028,10439341,10799785,11047580,11239451
Burundi,BDI,Land area (sq. km),AG.LND.TOTL.K2,25680,25680,25680,25680,25680,25680,25680,25680,25680,25680,25680,25680,25680,25680,25680,25680,25680,25680,25680,25680,25680,25680,25680,25680,25680,25680,25680,25680,25680
Cabo Verde,CPV,GDP (current US$),NY.GDP.MKTP.CD,264308140.285149,267448571.414611,306890962.649533,319827058.592875,357160985.327413,490417389.682569,406580652.330537,487148993.533109,501979269.843942,490608657.924976,521910560.524868,592416703.058878,539227277.626411,563090490.377368,620507387.466174,813260468.873834,924940011.836897,972241676.907662,1107571457.90614,1649621738.63689,1959620648.31578,1852334575.17521,1824751467.92957,2046817987.20109,1913081210.41411,2028910915.16446,2041930125.42979,1749857620.35329,1849789985.99572
Cabo Verde,CPV,"Population, total",SP.POP.TOTL,362329,367803,375428,384586,393415,401965,410228,418104,425581,432798,439784,446519,453317,460293,467046,473383,479370,485115,490728,496190,501355,506141,509784,511447,511955,512225,512326,512394,512554
Cabo Verde,CPV,Land area (sq. km),AG.LND.TOTL.K2,4030,4030,4030,4030,4030,4030,4030,4030,4030,4030,4030,4030,4030,4030,4030,4030,4030,4030,4030,4030,4030,4030,4030,4030,4030,4030,4030,4030,4030
Cambodia,KHM,GDP (current US$),NY.GDP.MKTP.CD,1662877859.22297,1353137647.68304,1402541176.5121,2054974089.3643,2491486594.18917,2533727592.04165,2791435272.26653,3441205692.9166,3506695719.57259,3443413388.65696,3120425502.66241,3517242477.2548,3694168979.32019,4145665969.92864,4501227626.62752,5046693484.31767,5883297159.87352,7066296463.3598,8350531016.65753,10127916459.8983,12174303999.0812,12502901169.7377,13808673288.0696,16032622023.8265,17826536699.8016,19807135252.8649,22041463967.9009,24174170369.0738,26556545153.3573
Cambodia,KHM,"Population, total",SP.POP.TOTL,6812014,7073473,7374752,7686850,8113083,8616381,9239162,10018497,10801270,11570982,12058173,12265731,12462336,12658484,12855241,13050968,13244731,13439202,13639028,13841770,14053479,14276810,14500726,14722584,14945085,15170208,15396772,15623251,15852803
Cambodia,KHM,Land area (sq. km),AG.LND.TOTL.K2,176520,176520,176520,176520,176520,176520,176520,176520,176520,176520,176520,176520,176520,176520,176520,176520,176520,176520,176520,176520,176520,176520,176520,176520,176520,176520,176520,176520,176520
Cameroon,CMR,GDP (current US$),NY.GDP.MKTP.CD,12236057362.4917,11012566195.0255,12314482627.8454,11840192296.3893,12071775335.0433,16181814712.5295,8902446252.18372,10864772470.9043,11093538846.4483,10789458432.6416,11298144990.4104,11565826464.8921,10566579294.9831,10953485349.1135,12417251350.4882,15970315034.9903,18826214135.6419,19509852206.9341,20910512974.933,23928250433.0378,27715142032.913,27932970317.129,27507501821.0296,30630910495.217,30155062329.2821,33728621180.3231,36386544706.0806,32210233020.4569,33814337044.3765
Cameroon,CMR,"Population, total",SP.POP.TOTL,10684968,11002745,11331821,11667180,12006353,12353131,12704903,13058516,13414757,13775214,14144860,14525140,14912631,15309490,15725528,16160340,16610487,17074594,17550407,18049896,18574056,19113974,19668066,20232304,20809529,21402376,22059893,22763414,23454161
Cameroon,CMR,Land area (sq. km),AG.LND.TOTL.K2,472710,472710,472710,472710,472710,472710,472710,472710,472710,472710,472710,472710,472710,472710,472710,472710,472710,472710,472710,472710,472710,472710,472710,472710,472710,472710,472710,472710,472710
Canada,CAN,GDP (current US$),NY.GDP.MKTP.CD,509380027626.554,567211993243.243,596075591360.987,612527712315.615,594387358318.855,579053561739.4,579944346807.264,605961090061.207,630607994132.747,654987722085.801,633999325918.436,678414215521.303,744773415931.587,738981792355.372,760650608551.583,895542074084.648,1026691006917.76,1173118501402.87,1319291255289.14,1468820407783.26,1552993439550.14,1374627766599.6,1617349192091.46,1793335727900.85,1828359477071.97,1846583831414.43,1805751688808.98,1556510380200.23,1527996250640.92
Canada,CAN,"Population, total",SP.POP.TOTL,26791747,27276781,27691138,28037420,28371264,28684764,29000663,29302311,29610218,29905948,30155173,30401286,30685730,31020855,31359199,31642461,31938807,32242732,32571193,32888886,33247298,33630069,34005902,34339221,34713395,35080992,35434066,35704498,36110803
Canada,CAN,Land area (sq. km),AG.LND.TOTL.K2,8965590,8965590,8965590,8965590,8965590,8965590,8965590,8965590,8965590,8965590,8965590,8965590,8965590,8965590,8965590,8965590,8965590,8965590,8965590,8965590,8965590,8965590,8965590,8965590,8965590,8965590,8965590,8965590,8965590
Caribbean small states,CSS,GDP (current US$),NY.GDP.MKTP.CD,12745727415.7592,12606272526.7095,13573367099.5127,13946896742.2113,14242986936.367,13815833341.5092,14793002834.8762,15732201525.3694,16941993239.8086,20074931520.308,21643804665.0628,23393912390.0523,25625542926.4456,26504661126.1591,27742046925.4435,30589389405.8968,33597817092.3498,38224293958.7281,44325879983.2222,49739222993.1148,57296315261.9305,47913515379.1154,52803409572.0273,56728212756.0989,60152214325.0841,62057809452.4886,64139344973.1037,62546622822.0285,58077597799.5106
Caribbean small states,CSS,"Population, total",SP.POP.TOTL,3610609,3634409,3654949,3677765,3706523,3735156,3763806,3795917,3829184,3861673,3893594,3925229,3956229,3987087,4018796,4050990,4080569,4049468,4072929,4098855,4124966,4146899,4173335,4201107,4228445,4257682,4286546,4314191,4341333
Caribbean small states,CSS,Land area (sq. km),AG.LND.TOTL.K2,398527.61,398527.61,398527.61,398527.61,398527.61,398527.61,398527.61,398527.61,398527.61,398527.61,398527.61,398527.61,398527.61,398527.61,398527.61,398527.61,398527.61,398527.61,398527.61,398527.61,398527.61,398527.61,398527.61,398527.61,398527.61,398527.61,398527.61,398527.61,398527.61
Cayman Islands,CYM,GDP (current US$),NY.GDP.MKTP.CD,..,..,..,..,..,..,..,..,..,..,..,..,..,..,..,..,..,..,4200288241.15296,4466278065.11226,4585949023.79609,4281714566.85827,4156841107.36443,4186073104.29242,4291004524.0181,4405796023.18409,4562853611.41445,4708167232.66893,4909322237.28895
Cayman Islands,CYM,"Population, total",SP.POP.TOTL,23951,24874,25999,27294,28621,29976,31352,32743,34143,35543,36922,38284,39674,41089,42514,43934,45352,46788,48232,49687,51151,52618,54099,55606,57136,58655,60160,61642,63100
Cayman Islands,CYM,Land area (sq. km),AG.LND.TOTL.K2,240,240,240,240,240,240,240,240,240,240,240,240,240,240,240,240,240,240,240,240,240,240,240,240,240,240,240,240,240
Central African Republic,CAF,GDP (current US$),NY.GDP.MKTP.CD,1264899287.51261,1233930280.91724,1440711459.16967,1377374986.58709,1411917553.12436,1278781261.55928,851174356.781737,1115389673.69197,1007791127.09913,937741513.015352,967338389.650578,999477510.686632,916777282.691659,932648604.751954,996068144.884889,1142315522.53864,1272360517.32373,1337894378.73743,1461859762.33459,1699811294.94935,1993407888.49838,2067381665.25454,2142591540.40068,2437982705.12093,2510126512.22831,1691544110.18543,1894813389.40325,1695825714.19282,1825018144.65595
Central African Republic,CAF,"Population, total",SP.POP.TOTL,2713965,2783970,2871910,2963191,3058831,3157839,3257954,3348052,3435965,3531700,3628827,3729450,3833416,3919487,4006077,4103086,4192826,4288810,4377579,4462770,4558984,4529047,4492995,4565021,4610848,4642419,4623182,4629320,4713663
Central African Republic,CAF,Land area (sq. km),AG.LND.TOTL.K2,622980,622980,622980,622980,622980,622980,622980,622980,622980,622980,622980,622980,622980,622980,622980,622980,622980,622980,622980,622980,622980,622980,622980,622980,622980,622980,622980,622980,622980
Central Europe and the Baltics,CEB,GDP (current US$),NY.GDP.MKTP.CD,..,..,276777263070.302,244245640082.434,252364702967.012,267674623020.581,304448250407.602,388889205136.785,411186267612.59,405325268750.504,442779325890.267,426345402233.075,420823859911.381,460153265512.377,518049996936.665,621437270110.894,749236864681.291,871993037920.824,987675979323.667,1254691637899,1526123276964.15,1289261661160.8,1319446244881.88,1458158364344.55,1361901163411.55,1420225996416.23,1467454376587.2,1297144243677.59,1321564300745.06
Central Europe and the Baltics,CEB,"Population, total",SP.POP.TOTL,110686740,110801640,110743128,110469467,110111454,110041924,110021594,109864246,109626194,109422013,109238340,109060951,108447824,107660041,106959751,106624167,106331716,106041911,105772481,105378748,105001883,104800475,104421447,104174038,103929494,103570062,103280478,102973167,102647939
Central Europe and the Baltics,CEB,Land area (sq. km),AG.LND.TOTL.K2,737130,736140,736140,736250,979597,1104957,1105007,1104987,1105087,1105037,1105027,1105037,1104969,1104969,1103299,1103361,1103471,1103321,1103291,1103181,1103162.2,1104161.8,1104143.2,1104209,1104048.7,1105114,1105841,1105835.6,1105825
Chad,TCD,GDP (current US$),NY.GDP.MKTP.CD,1482597297.98821,1433686312.02914,1738605557.76313,1877137981.75712,1881847669.69794,1463251163.9188,1179837963.22213,1445919894.57661,1607345355.78298,1544689576.92712,1744794531.21401,1534673583.2487,1388506771.58756,1710843377.00119,1997005708.81576,2742815071.5744,4422855660.82592,8655892392.92919,9709626596.13031,10865385131.5172,13385593990.3378,12317614053.6841,14058506663.7252,16685349673.9957,17892228569.8861,17865316886.3315,18144336903.7175,14559599499.5011,13026289835.7789
Chad,TCD,"Population, total",SP.POP.TOTL,5625602,5819586,5982833,6205676,6474656,6629146,6783450,7089064,7410108,7670366,7938840,8222705,8512093,8804124,9116192,9487833,9920036,10328092,10706424,11081660,11476296,11893754,12312575,12754997,13210998,13691079,14188678,14647621,15114655
Chad,TCD,Land area (sq. km),AG.LND.TOTL.K2,1259200,1259200,1259200,1259200,1259200,1259200,1259200,1259200,1259200,1259200,1259200,1259200,1259200,1259200,1259200,1259200,1259200,1259200,1259200,1259200,1259200,1259200,1259200,1259200,1259200,1259200,1259200,1259200,1259200
Channel Islands,CHI,GDP (current US$),NY.GDP.MKTP.CD,..,..,..,..,..,..,..,..,..,..,5945677376.61477,6262740656.85164,6439703434.71024,6232906290.4851,6663669064.7482,7332244897.95918,8553643354.08275,8827272727.27273,9676172953.08188,11514605842.3369,..,9100755725.19084,8902359316.35606,9648680025.8275,9454638123.23572,9594745810.67159,10527973277.6068,10109273770.329,9168857222.32574
Channel Islands,CHI,"Population, total",SP.POP.TOTL,140089,141501,143087,144269,144733,144984,145163,145247,145565,146214,146906,147554,148110,148850,149881,150960,152039,153126,154214,155309,156408,157511,158621,159706,160767,161777,162726,163454,163883
Channel Islands,CHI,Land area (sq. km),AG.LND.TOTL.K2,198,198,198,198,198,198,198,198,198,198,198,198,198,198,198,198,198,198,198,198,198,198,198,198,198,198,198,198,198
Chile,CHL,GDP (current US$),NY.GDP.MKTP.CD,26174858613.8456,30101767991.1135,33428580448.2715,38232330917.2011,46538895685.8088,49934943320.8828,57438273591.0521,73820425701.6603,78584098983.6374,85741415285.165,81990010704.0602,75578685735.5219,78339750721.364,71574739561.4329,70264045939.2773,76492579644.0605,99075985773.6682,122294145163.192,153843518170.864,172491076033.863,179894594475.405,171777900623.892,217051209238.534,251382573893.87,267024782486.855,277395018842.417,259560978224.359,242450355830.884,249344863928.438
Chile,CHL,"Population, total",SP.POP.TOTL,12999424,13215005,13437176,13662491,13884577,14102276,14316256,14527381,14734046,14932434,15127799,15319313,15503635,15683849,15857925,16024752,16187322,16348778,16509195,16671581,16838988,17009731,17181464,17351816,17519119,17687006,17864195,18047625,18267221
Chile,CHL,Land area (sq. km),AG.LND.TOTL.K2,743532,743532,743532,743532,743532,743532,743532,743532,743532,743532,743532,743532,743532,743532,743532,743532,743532,743532,743532,743532,743532,743532,743532,743532,743532,743532,741682.76,741682.76,742286.76
China,CHN,GDP (current US$),NY.GDP.MKTP.CD,312888888888.889,348380566801.619,361560229445.507,384510452961.672,428502354788.069,446557291212.148,566929539493.172,738190896227.55,868523936530.083,967753570434.667,1037134141760.35,1103843203575.64,1223754919971.05,1355036590251.52,1489821682050.54,1683903309843.85,1984196551300.44,2317551298052.05,2791498472804.33,3604055822571.63,4667346414521.95,5189577094997.58,6192564874453.29,7671757207851.29,8673664713189.24,9743124247267.24,10674533168257.4,11280814787468.9,11456024084962
China,CHN,"Population, total",SP.POP.TOTL,1101630000,1118650000,1135185000,1150780000,1164970000,1178440000,1191835000,1204855000,1217550000,1230075000,1241935000,1252735000,1262645000,1271850000,1280400000,1288400000,1296075000,1303720000,1311020000,1317885000,1324655000,1331260000,1337705000,1345035000,1354190000,1363240000,1371860000,1379860000,1387790000
China,CHN,Land area (sq. km),AG.LND.TOTL.K2,9388250,9388250,9388250,9388250,9388250,9388250,9388250,9388240,9388230,9388230,9388230,9388230,9388220,9388214.2,9388213.2,9388212.7,9388212.5,9388211.8,9388211.4,9388210.8,9388210.8,9388211,9388211,9388211,9388211,9388211,9388211,9388211,9388210
Colombia,COL,GDP (current US$),NY.GDP.MKTP.CD,39212550050.4223,39540080200.3938,47844090709.9908,49175565911.0655,58418985443.3172,66446804802.5747,81703500846.0364,92507279383.0387,97160109277.8087,106659508271.255,98443739941.1664,86186158684.7685,99875074951.0278,98200641203.3892,97945812802.8882,94644969157.0987,117092416666.245,145600529605.803,161792958904.864,206229540926.312,242504150472.931,232468663109.595,286498534094.963,334966134804.887,370691143018.039,382093697077.685,381240864422.407,293492370193.166,282720100286.228
Colombia,COL,"Population, total",SP.POP.TOTL,31130524,31776279,32440069,33098372,33760571,34441473,35127410,35804662,36462745,37121149,37792165,38454863,39089934,39709262,40324680,40937429,41543171,42128977,42691084,43235374,43758808,44271541,44777319,45259614,45715810,46151584,46565429,46969940,47437512
Colombia,COL,Land area (sq. km),AG.LND.TOTL.K2,1109500,1109500,1109500,1109500,1109500,1109500,1109500,1109500,1109500,1109500,1109500,1109500,1109500,1109500,1109500,1109500,1109500,1109500,1109500,1109500,1109500,1109500,1109500,1109500,1109500,1109500,1109500,1109500,1109500
Comoros,COM,GDP (current US$),NY.GDP.MKTP.CD,336422522.407114,328665080.847046,401561021.549642,400592662.610246,436552922.121696,427750822.87347,314789556.044396,392774713.634182,392488148.725187,362816806.134452,363932160.233771,371921712.454518,339504306.290689,372746486.166796,427360070.324544,546830040.540273,622679660.37137,655375095.906176,688498641.512529,795673152.867077,915659107.965823,905341172.70583,907979446.419588,1023087475.68355,1015842906.66403,1116223107.03168,1149587562.06748,966029600.862227,1012835493.19325
Comoros,COM,"Population, total",SP.POP.TOTL,421687,433103,444596,455556,465113,473682,482142,490586,499107,507777,516597,525886,536080,547220,558923,569798,580704,592677,604753,616927,629307,641947,654836,668056,681630,696192,711503,726682,741741
Comoros,COM,Land area (sq. km),AG.LND.TOTL.K2,1861,1861,1861,1861,1861,1861,1861,1861,1861,1861,1861,1861,1861,1861,1861,1861,1861,1861,1861,1861,1861,1861,1861,1861,1861,1861,1861,1861,1861
"Congo, Dem. Rep.",COD,GDP (current US$),NY.GDP.MKTP.CD,8861299976.74158,9021862775.18112,9349764580.41173,9625436872.51075,8227343907.26679,10706259936.7425,5820382248.28202,5643439376.10491,5771456952.1908,6090838693.27145,6217805820.77104,4711259427.27273,19088046305.7971,7438189100.33333,8728038525.14034,8937567059.87754,10297483481.223,12609728573.1032,15484044534.5783,18374807772.5429,22723488723.3641,18607259480.5447,24161641931.0331,26392379641.765,30029369928.7318,34891189160.3002,38352980552.8665,40179574490.3032,38600224214.4728
"Congo, Dem. Rep.",COD,"Population, total",SP.POP.TOTL,34382752,35486866,36684063,37925817,39228910,40656336,42626876,44433704,45296124,46029902,47297600,48912971,50507442,52132646,53750524,55343867,56997741,58775724,60615908,62477752,64390664,66412044,68563038,70849311,73254618,75789395,78403242,81035531,83956415
"Congo, Dem. Rep.",COD,Land area (sq. km),AG.LND.TOTL.K2,2267050,2267050,2267050,2267050,2267050,2267050,2267050,2267050,2267050,2267050,2267050,2267050,2267050,2267050,2267050,2267050,2267050,2267050,2267050,2267050,2267050,2267050,2267050,2267050,2267050,2267050,2267050,2267050,2267050
"Congo, Rep.",COG,GDP (current US$),NY.GDP.MKTP.CD,2212536311.99319,2389593025.60339,2798746050.11354,2724853505.80336,2933222703.0334,2684323623.14372,1769365437.78801,2116003867.75536,2540697539.05773,2322719102.6909,1949481379.21951,2354772960.28296,3227927697.57921,2796704604.03812,3034250923.97726,3503723087.74483,4656974940.12721,6650001680.48544,8072305029.06514,8782703436.70188,11649857673.4436,9723299915.25312,13148396211.5955,15655383576.6515,17692911296.3044,17958720699.0868,17919321078.0284,12434793867.3568,10931328150.8478
"Congo, Rep.",COG,"Population, total",SP.POP.TOTL,2247653,2313558,2380560,2449229,2519465,2595124,2673144,2749461,2826785,2887862,2952061,3032874,3151345,3272537,3350771,3445753,3565554,3696393,3837409,3980430,4113517,4281219,4462290,4609724,4740450,4857099,4975880,5097581,5222536
"Congo, Rep.",COG,Land area (sq. km),AG.LND.TOTL.K2,341500,341500,341500,341500,341500,341500,341500,341500,341500,341500,341500,341500,341500,341500,341500,341500,341500,341500,341500,341500,341500,341500,341500,341500,341500,341500,341500,341500,341500
Costa Rica,CRI,GDP (current US$),NY.GDP.MKTP.CD,4614629898.40348,5251025767.47627,5711687786.75989,7215725634.72564,8579754953.07612,9564816062.90368,10489903833.9065,11578594332.7952,11678424726.7825,12614602321.5821,13684255997.5116,14254866283.9541,15013629579.1557,15976174476.2368,16578820799.2885,17271760397.3311,18610594843.9248,20040642420.6914,22715540342.2983,26884700687.8286,30801745703.3018,30745714234.4959,37658616965.6866,42762613784.989,47231655492.7812,50949668762.8328,52016408816.1842,56441920888.425,58847019587.626
Costa Rica,CRI,"Population, total",SP.POP.TOTL,2968103,3043827,3121706,3202176,3284258,3367434,3451122,3535176,3619013,3701711,3782838,3862101,3937739,4008947,4075705,4138784,4200078,4261240,4321340,4380248,4440056,4499791,4555962,4609833,4663934,4716147,4767119,4818038,4866998
Costa Rica,CRI,Land area (sq. km),AG.LND.TOTL.K2,51060,51060,51060,51060,51060,51060,51060,51060,51060,51060,51060,51060,51060,51060,51060,51060,51060,51060,51060,51060,51060,51060,51060,51060,51060,51060,51060,51060,51060
Cote d'Ivoire,CIV,GDP (current US$),NY.GDP.MKTP.CD,10255169805.7996,9757410644.6679,10795850582.779,10492628580.7484,11152971273.9383,11045760288.1206,8313557510.14757,11000146266.5135,18071152830.6101,18047558037.7036,19619654755.679,18870992455.568,16577533891.8785,16810537043.8407,18054383320.8474,21251754340.4305,23510575681.3686,24036918703.1747,25281413263.3712,28760090953.3081,34078240293.2559,33886813250.2036,34936307980.063,36693710801.3976,36302302877.2977,42760235484.6093,48843005613.7091,45815005169.2651,48407761036.8238
Cote d'Ivoire,CIV,"Population, total",SP.POP.TOTL,11275189,11719771,12189778,12683870,13200310,13735951,14287201,14855565,15442312,16047170,16663948,17215935,17699004,18178913,18654771,19125542,19595000,20068458,20546802,21030558,21514439,21997940,22488065,22982000,23467078,23939775,24527395,25246342,25989405
Cote d'Ivoire,CIV,Land area (sq. km),AG.LND.TOTL.K2,318000,318000,318000,318000,318000,318000,318000,318000,318000,318000,318000,318000,318000,318000,318000,318000,318000,318000,318000,318000,318000,318000,318000,318000,318000,318000,318000,318000,318000
Croatia,HRV,GDP (current US$),NY.GDP.MKTP.CD,..,..,25650213279.6781,18760386774.7973,10621169290.9986,11259647874.4986,15062911616.8222,22772224146.1503,24151469716.5173,24175272571.5846,25889813449.4579,23776940769.2095,22134069750.2586,23067071477.8294,26757633353.1909,35244797328.5582,41836096243.0481,45012776905.5255,49583643047.994,59290547254.1358,68473103476.6775,62315450610.8524,58975127200.9948,62889150894.151,57547495859.7306,59846869998.8711,59607109597.2123,50999271058.5849,52650804052.1394
Croatia,HRV,"Population, total",SP.POP.TOTL,4755207,4767260,4777368,4689022,4575818,4600463,4652024,4620030,4557097,4534920,4532135,4512597,4468302,4299642,4302174,4303399,4304600,4310145,4311159,4310217,4309705,4305181,4295427,4280622,4260368,4233922,4201598,4151725,4106867
Croatia,HRV,Land area (sq. km),AG.LND.TOTL.K2,..,..,..,..,55910,55910,55910,55910,55980,55980,55910,55910,55912,55912,55912,55964,55964,55964,55964,55964,55964,55964,55964,55964,55964,55964,55964,55964,55964
Cuba,CUB,GDP (current US$),NY.GDP.MKTP.CD,27458999472.2955,27023468665.8977,28645436569.1489,24316556025.6585,22085858243.2432,22367254864.8649,28448326756.7568,30429803651.2192,25017368700,25365908100,25736331200,28364615200,30565400000,31682400000,33590500000,35901200000,38203000000,42643836100,48835925925.9259,54262870370.3704,56302129629.6296,57481481481.4815,59562962962.963,68990000000,73141000000,77148000000,80656100000,87132800000,91370407900
Cuba,CUB,"Population, total",SP.POP.TOTL,10432585,10533243,10631799,10717640,10785801,10841031,10886021,10925362,10962010,10997934,11034712,11072230,11109109,11144132,11177418,11209383,11238756,11262554,11278550,11287272,11291762,11294719,11297409,11301571,11303175,11298167,11285775,11275065,11265612
Cuba,CUB,Land area (sq. km),AG.LND.TOTL.K2,107400,107400,107400,107400,107400,107400,107400,107400,107400,107400,107400,107400,107400,107400,106390,106400,106410,106440,106430,106440,106440,106440,106440,106863,106649,104220,104020,104100,104040
Curacao,CUW,GDP (current US$),NY.GDP.MKTP.CD,..,..,..,..,..,..,..,..,..,..,..,..,2120511229.05028,2143450726.25698,2160784692.73743,2202117374.30168,2237160502.7933,2344637262.56983,2457581731.84358,2593831508.37989,2833476145.2514,2869153184.35754,2951342793.29609,2930092234.63687,3012836256.98324,3033568603.35196,3059406983.24022,3058779217.87709,3024690167.59777
Curacao,CUW,"Population, total",SP.POP.TOTL,149254,146937,145400,144403,143912,144299,144630,145139,146306,146956,144472,139428,133860,129047,129205,131897,134192,137658,141239,144056,145880,146833,148703,150831,152088,153822,155909,157980,159664
Curacao,CUW,Land area (sq. km),AG.LND.TOTL.K2,..,..,..,..,..,..,..,..,..,..,..,..,..,..,..,..,..,..,..,..,..,..,..,444,444,444,444,444,444
Cyprus,CYP,GDP (current US$),NY.GDP.MKTP.CD,4278792597.23965,4563482603.5503,5591130217.66965,5770197348.48485,6912150456.32334,6590291048.29211,7425703928.57143,9933137128.07244,10011914680.0502,9547816419.61231,10248618778.2805,10497907227.616,9985847313.85485,10397898907.1038,11420228846.1538,14547329558.3239,17320551250,18433412510.8817,20072754986.8272,23968727073.6381,27958384913.4219,26048190775.3879,25799940416.0167,27641553201.0506,25047433099.5891,23959708956.2926,23225912183.4991,19909269064.8473,21046452117.3759
Cyprus,CYP,"Population, total",SP.POP.TOTL,766235,777420,788351,798944,810341,826034,844667,862695,880290,897568,914548,931234,947667,964127,981440,999590,1017875,1036151,1054418,1072714,1091026,1109371,1127816,1146493,1165397,1183895,1201801,1219502,1237112
Cyprus,CYP,Land area (sq. km),AG.LND.TOTL.K2,9240,9240,9240,9240,9240,9240,9240,9240,9240,9240,9240,9240,9240,9240,9240,9240,9240,9240,9240,9240,9240,9240,9240,9240,9240,9240,9240,9240,9240
Czechia,CZE,GDP (current US$),NY.GDP.MKTP.CD,..,..,41016881802.4843,30071014282.3218,35051065440.3962,41155654032.1751,48188478339.4129,60572381311.2283,67804105329.8557,62539765163.1302,67187217327.7326,65586562604.8621,62175642238.0847,68135304463.9641,82607869609.574,100435924704.881,120147899983.657,137264185596.1,156236258386.589,190040702286.917,236506264753.95,206971882704.716,211168667286.27,231429378717.312,210363223087.728,213024360541.119,210911285077.683,189107698561.919,198160659303.939
Czechia,CZE,"Population, total",SP.POP.TOTL,10355276,10361068,10333355,10308578,10319123,10329855,10333587,10327253,10315241,10304131,10294373,10283860,10255063,10216605,10196916,10193998,10197101,10211216,10238905,10298828,10384603,10443936,10474410,10496088,10510785,10514272,10525347,10546059,10566332
Czechia,CZE,Land area (sq. km),AG.LND.TOTL.K2,..,..,..,..,..,77270,77270,77270,77270,77270,77270,77270,77270,77270,77270,77270,77260,77260,77250,77250,77240,77240,77230,77230,77230,77220,77220,77210,77210
Denmark,DNK,GDP (current US$),NY.GDP.MKTP.CD,115540189705.118,112312200760.581,138217740684.484,139180507777.691,152966494259.538,143111306004.102,156017919221.457,184848481008.139,187481157845.724,173241365735.483,176877077513.133,177887720535.535,164043817223.59,164881594415.341,178788209558.311,218421193436.252,251986155630.852,265150087711.985,283386151543.687,320213157595.018,354979471960.142,322619152194.594,322345594075.47,344315595263.175,326792574244.963,344631016965.12,352832602064.452,301758922337.637,312181849372.233
Denmark,DNK,"Population, total",SP.POP.TOTL,5129516,5132594,5140939,5154298,5171370,5188628,5206180,5233373,5263074,5284991,5304219,5321799,5339616,5358783,5375931,5390574,5404523,5419432,5437272,5461438,5493621,5523095,5547683,5570572,5591572,5614932,5643475,5683483,5728010
Denmark,DNK,Land area (sq. km),AG.LND.TOTL.K2,40000,40000,40000,40000,40000,40000,40000,40000,40000,40000,40000,40000,40000,40000,40000,40000,40000,40000,40000,40000,40000,40000,40000,40000,40000,40000,40000,40000,40000
Djibouti,DJI,GDP (current US$),NY.GDP.MKTP.CD,395794538.630775,409220087.102818,452328087.282876,462421998.525779,478058304.871118,466048469.22986,491689220.744875,497723960.589913,494004647.73437,502675542.001227,514267869.300758,536080148.097299,551230861.856505,572417440.820162,591122039.601398,622044665.515049,666072101.777505,708633194.726566,768873684.032838,847918929.107984,999105339.267729,1049110684.72493,1128611700.3618,1239144501.77525,1353632941.5207,2044440443.16654,2220637966.25047,2424391785.43897,2604955228.70117
Djibouti,DJI,"Population, total",SP.POP.TOTL,484523,523355,579538,631092,626010,614245,626710,633074,648348,671817,699352,724218,747318,771313,795574,813519,826124,839167,855764,874528,892734,911527,930251,948558,966747,984824,1002717,1020313,1037653
Djibouti,DJI,Land area (sq. km),AG.LND.TOTL.K2,23180,23180,23180,23180,23180,23180,23180,23180,23180,23180,23180,23180,23180,23180,23180,23180,23180,23180,23180,23180,23180,23180,23180,23180,23180,23180,23180,23180,23180
Dominica,DMA,GDP (current US$),NY.GDP.MKTP.CD,171106184.074074,185137242.962963,201429629.62963,219762962.962963,234059259.259259,245525925.925926,264374074.074074,274522222.222222,292285185.185185,302988888.888889,322411111.111111,331759259.259259,333470370.37037,377462962.962963,375200000,373318518.518519,396711111.111111,391455555.555556,416674074.074074,444685185.185185,480003703.703704,515618518.518519,519859259.259259,532081481.481481,520355555.555556,545325925.925926,572255555.555555,583177777.777778,612711111.111111
Dominica,DMA,"Population, total",SP.POP.TOTL,70608,70153,69627,69296,69325,69433,69477,69469,69410,69299,69124,68870,68511,68288,68367,68531,68649,68734,68806,68847,68854,68864,68859,69053,69118,69715,70373,70410,69606
Dominica,DMA,Land area (sq. km),AG.LND.TOTL.K2,750,750,750,750,750,750,750,750,750,750,750,750,750,750,750,750,750,750,750,750,750,750,750,750,750,750,750,750,750
Dominican Republic,DOM,GDP (current US$),NY.GDP.MKTP.CD,5374299981.49698,6686593059.93691,7073675544.79021,9824483339.94518,11605382504,13081042400,14644734599.4778,16637370839.1608,18241622547.5908,20017450041.3075,21672215546.7642,22136579396.9218,24305780628.6677,25601823687.5742,27137440786.2562,21403167848.1444,22322387382.494,35777560683.9366,37879830084.2627,43965458508.5056,48091433554.186,48223781476.8909,53801053352.5005,57948261615.957,60561635555.6383,62555417414.582,67014329099.5549,70966782572.4386,75552902635.7075
Dominican Republic,DOM,"Population, total",SP.POP.TOTL,6855734,7002295,7151166,7299853,7447474,7594572,7741694,7888115,8032894,8174078,8310362,8446208,8584190,8720283,8852235,8980620,9104892,9225034,9341183,9455658,9573130,9695265,9820175,9945621,10070411,10193833,10315528,10434829,10551430
Dominican Republic,DOM,Land area (sq. km),AG.LND.TOTL.K2,48310,48310,48310,48310,48310,48310,48310,48310,48310,48310,48310,48310,48310,48310,48310,48310,48310,48310,48310,48310,48310,48310,48310,48310,48310,48310,48310,48310,48310
Early-demographic dividend,EAR,GDP (current US$),NY.GDP.MKTP.CD,1606542317977.04,1634222837827.41,1915395300809.75,2032060802129.33,2207917972523.96,2381903872502.73,2502051602237.2,2616760247005.8,2836276821587.56,3029896330909.83,2921202598159.09,3090767584477.85,3378193447814.03,3351551499259.02,3255788416655.75,3622383752487.14,4209610787468.93,4897661936723.59,5600150744578.7,6630769690203.11,7464456008410.04,7181684474649.47,8728192674219.64,9842609213387.36,10284904242407,10342396461018.3,10547017467024.3,10141599371579.2,10435095271533.5
Early-demographic dividend,EAR,"Population, total",SP.POP.TOTL,1947928955,1994666990,2044241467,2092102478,2138854231,2184656122,2228719169,2273692181,2321284245,2369042441,2416119734,2462704115,2509431470,2556335424,2601917557,2647109296,2693184997,2738846905,2784726644,2830531957,2875943965,2921563644,2967104472,3013476947,3058869436,3103677284,3146800078,3190318707,3233033717
Early-demographic dividend,EAR,Land area (sq. km),AG.LND.TOTL.K2,31114130.61,31114130.61,31114130.61,31114830.61,32150140.61,33150140.61,33143217.61,33143217.61,33143217.61,33143217.61,33114737.61,33114737.61,33191601.61,33191547.61,33191547.61,33191333.61,33318093.91,33318042.41,33318226.81,33318448.81,33318168.91,33318697.21,33318578.61,33318534.71,33318395.71,33318304.71,33316877.91,33321702.01,33321440.11
East Asia & Pacific,EAS,GDP (current US$),NY.GDP.MKTP.CD,4483574799155.79,4666580282373.62,4870448081100.07,5504103130127.46,6016741720049.82,6732486122257.93,7530779339791.84,8528716916020.78,8228628055250.14,7860107080825.3,7007987267442.95,7826875274857.83,8486535433030.27,7890593533286.75,8019320137887.65,8807340167908.37,9868085960844.77,10526916106059.6,11166176306011.2,12482468447983.2,14397041627177.2,14811619687570.6,17291859920837.7,20025003264159.5,21443742650233.5,21719346361874.9,22461065423931.7,22388696608294,23197528991928
East Asia & Pacific,EAS,"Population, total",SP.POP.TOTL,1762936165,1790597018,1817735909,1844189975,1869074614,1893258583,1917389243,1941185229,1964830092,1988067577,2010443502,2030912462,2050149617,2068682053,2086144389,2102761941,2118747885,2134573057,2150688938,2167046538,2183472438,2199148703,2214613815,2230826576,2249081393,2267072102,2284385542,2300844269,2317076058
East Asia & Pacific,EAS,Land area (sq. km),AG.LND.TOTL.K2,24393928.742,24393928.742,24393928.742,24395728.742,24395728.742,24395728.742,24395728.742,24395778.742,24395668.742,24395668.742,24395668.742,24395668.742,24446988.742,24447298.942,24446814.168,24453602.758,24453263.519,24455999.891,24459118.093,24458972.093,24459077.087,24459107.634,24459569.118,24459540.847,24459695.847,24459294.683,24459664.221,24459693.8,24469160.9
East Asia & Pacific (excluding high income),EAP,GDP (current US$),NY.GDP.MKTP.CD,576126858481.928,622836056673.594,667410241508.278,724654932688.966,812994672964.462,892446273872.149,1074481772219.03,1325739943459.39,1523108085149.4,1576765689262.96,1441284604893.38,1587766769234.25,1748618348962.32,1862932027333.99,2063860728512.8,2337899791169.99,2712364424547.48,3140095880510.48,3783277937264.24,4787055911779.71,6062020651659.77,6581355241401.19,8008612939930.06,9774260422789.83,10905339110889,12047618706549.4,13004796624150.5,13549001701885.3,13844229287201
East Asia & Pacific (excluding high income),EAP,"Population, total",SP.POP.TOTL,1549038591,1575101307,1600739173,1625498444,1648872786,1671604370,1694244506,1716602413,1738632397,1760512371,1781546477,1800932833,1819011507,1836260943,1852659155,1868409996,1883675167,1898853723,1914002124,1929185103,1944305887,1959017463,1973602166,1989106668,2006566431,2023850158,2040383789,2056050896,2071486140
East Asia & Pacific (excluding high income),EAP,Land area (sq. km),AG.LND.TOTL.K2,15922198.742,15922198.742,15922198.742,15923078.742,15923078.742,15923078.742,15923078.742,15923068.742,15923058.742,15923058.742,15923058.742,15923058.742,15974567.742,15974591.942,15974051.168,15980817.758,15980455.519,15983161.891,15986244.493,15986056.893,15986086.887,15986047.134,15986366.418,15986345.947,15986378.947,15985860.383,15986223.921,15986238.4,15985941.4
East Asia & Pacific (IDA & IBRD countries),TEA,GDP (current US$),NY.GDP.MKTP.CD,575525093193.548,622193930069.763,666725912038.334,723904575173.197,812130263840.671,891466245843.004,1073279171690.89,1324237119504,1521371528101.19,1574968030482.32,1439654527489.21,1585945646832.78,1746600304145.18,1860776095171.98,2061454246158.09,2335145056826.44,2709157341038.36,3136370768809.06,3778749876885.47,4781266905492.39,6054649425101.54,6573323824227.51,7998793934320.62,9762253898511.05,10891968824139.1,12032819510378.6,12988820106481,13532365705740.1,13827255558413.7
East Asia & Pacific (IDA & IBRD countries),TEA,"Population, total",SP.POP.TOTL,1528559240,1554321275,1579651917,1604095270,1627147885,1649557492,1671877438,1693960469,1715764488,1737429846,1758263635,1777464322,1795374943,1812475067,1828744767,1844349334,1859450104,1874487158,1889507244,1904568042,1919570287,1934167856,1948643347,1964036970,1981382735,1998548872,2014960984,2030504270,2045816761
East Asia & Pacific (IDA & IBRD countries),TEA,Land area (sq. km),AG.LND.TOTL.K2,15801808.742,15801808.742,15801808.742,15803148.742,15803148.742,15803148.742,15803148.742,15803138.742,15803128.742,15803128.742,15803128.742,15803128.742,15854637.742,15854661.942,15854121.168,15860887.758,15860525.519,15863231.891,15866314.493,15866126.893,15866156.887,15866117.134,15866436.418,15866415.947,15866448.947,15865930.383,15866293.921,15866308.4,15866011.4
Ecuador,ECU,GDP (current US$),NY.GDP.MKTP.CD,13051881851.4068,13890823704.5545,15239272611.5809,16988535267.6338,18094238119.0595,18938717358.6793,22708673336.6683,24432884442.2211,25226393196.5983,28162053026.5133,27981896948.4742,19645272636.3182,17539454727.3637,23127055000,27054197000,30965208000,35194947000,40278849000,45690762000,49848725000,61139438000,60094978000,68151329000,78986648000,87735048000,96570334000,102717794000,97209558000,97671433000
Ecuador,ECU,"Population, total",SP.POP.TOTL,10010808,10241852,10473673,10702380,10930128,11154274,11372197,11590514,11810950,12031127,12251184,12470795,12689206,12910740,13138472,13372306,13608701,13846163,14086131,14328773,14575202,14825954,15076695,15326227,15572194,15807128,16035124,16266225,16505139
Ecuador,ECU,Land area (sq. km),AG.LND.TOTL.K2,276840,276840,276840,276840,276840,276840,276840,276840,276840,276840,248360,248360,248360,248360,248360,248360,248360,248360,248360,248360,248360,248360,248360,248360,248360,248360,248360,248360,248360
"Egypt, Arab Rep.",EGY,GDP (current US$),NY.GDP.MKTP.CD,34980124929.0176,39756299049.9793,42978914311.3504,37387836490.5284,41855986519.4235,46578631452.581,51897983392.6453,60159245060.4541,67629716981.1321,78436578171.0914,84828807556.0803,90710704806.8416,99838543960.0763,96684636118.5984,85146067415.7303,80288461538.4615,78782467532.4675,89660339660.3397,107426086956.522,130437828371.278,162818181818.182,189147005444.646,218983666061.706,235989672977.625,279116666666.667,288434108527.132,305595408895.265,329366576819.407,332441717791.411
"Egypt, Arab Rep.",EGY,"Population, total",SP.POP.TOTL,55187681,56710642,58396618,60028997,61480660,62915681,64285589,65652622,67028048,68431740,69943294,71520954,73083284,74652029,76239137,77853548,79477443,81101004,82700403,84276225,85864789,87501636,89196072,91093059,93161001,95333553,97528654,99597342,101644589
"Egypt, Arab Rep.",EGY,Land area (sq. km),AG.LND.TOTL.K2,995450,995450,995450,995450,995450,995450,995450,995450,995450,995450,995450,995450,995450,995450,995450,995450,995450,995450,995450,995450,995450,995450,995450,995450,995450,995450,995450,995450,995450
El Salvador,SLV,GDP (current US$),NY.GDP.MKTP.CD,4189880000,4372215300,4817542204,5252342400,5813399300,6680269200,7679384000,8921947100,9586327800,10221705900,10936669900,11284197000,11784927700,12282533600,12664190300,13243892200,13724810900,14698000000,15999890000,17011750000,17986890000,17601620000,18447920000,20283780000,21386150000,21990960000,22593470000,23438240000,24191430000
El Salvador,SLV,"Population, total",SP.POP.TOTL,5195833,5298979,5399726,5495077,5585609,5659957,5714129,5762131,5805286,5844578,5880781,5913900,5943366,5968060,5986631,5998599,6004671,6005578,6002319,6009824,6029297,6048279,6068249,6090127,6113975,6138839,6162955,6183676,6200800
El Salvador,SLV,Land area (sq. km),AG.LND.TOTL.K2,20720,20720,20720,20720,20720,20720,20720,20720,20720,20720,20720,20720,20720,20720,20720,20720,20720,20720,20720,20720,20720,20720,20720,20720,20720,20720,20720,20720,20720
Equatorial Guinea,GNQ,GDP (current US$),NY.GDP.MKTP.CD,100534656.881732,88265974.861049,112119411.489965,110906028.536862,134707183.84662,136047906.245408,100807002.540195,141853360.867855,232463022.802961,442337870.69437,370687634.425712,621117885.668503,1045998496.43872,1461139022.02954,1806742742.27311,2484745935.09329,4410764338.66733,8217369092.65224,10086528698.8604,13071718758.7373,19749893536.3204,15027795173.2187,16314443436.2903,21357343668.9447,22388344143.9131,21948834283.7856,21765453081.9826,13185496881.0174,11240808847.8878
Equatorial Guinea,GNQ,"Population, total",SP.POP.TOTL,439651,456808,474274,492217,510770,530023,550138,571264,593492,616893,641474,667214,703279,749836,797957,847862,899917,947367,990343,1036044,1084530,1135673,1189085,1241835,1293483,1346218,1399828,1453923,1508186
Equatorial Guinea,GNQ,Land area (sq. km),AG.LND.TOTL.K2,28050,28050,28050,28050,28050,28050,28050,28050,28050,28050,28050,28050,28050,28050,28050,28050,28050,28050,28050,28050,28050,28050,28050,28050,28050,28050,28050,28050,28050
Eritrea,ERI,GDP (current US$),NY.GDP.MKTP.CD,..,..,..,..,477101651.648376,467872714.755603,531688311.688312,578015625,693535954.190067,686490090.140141,745523116.900052,688918537.115555,706370815.584416,752371688.743186,729321680.154324,870248267.550163,1109054005.43971,1098424685.66169,1211161879.6748,1317974491.05691,1380188800,1856695551.21951,1589515447.15447,2065001626.01626,..,..,..,..,..
Eritrea,ERI,"Population, total",SP.POP.TOTL,1938255,1987017,2032737,1919571,1798748,1856006,1913915,2025267,2128464,2152135,2180419,2212780,2247031,2312079,2392978,2493903,2598284,2661215,2703502,2743222,2816327,2887885,2945186,2998485,3036988,3074360,3095173,3105546,3124698
Eritrea,ERI,Land area (sq. km),AG.LND.TOTL.K2,..,..,..,..,..,101000,101000,101000,101000,101000,101000,101000,101000,101000,101000,101000,120982.625,121025.326,121004.031,121032.606,121057.494,121069.592,121065.103,121088.989,121082.12,121049.278,121036.185,121088.775,121077.459
Estonia,EST,GDP (current US$),NY.GDP.MKTP.CD,..,..,..,..,..,4013091682.2914,4123011419.74174,4502970889.06373,4786018988.16491,5154420649.23354,5674080542.88575,5756912265.75809,5686579747.53524,6250218422.70164,7370119619.4782,9876595528.45528,12148595031.0559,14109491356.7964,17025671810.3124,22450264166.4385,24342935403.5447,19633984440.1223,19524355419.038,23303915794.7569,23237406116.3988,25451032780.7573,27055689003.0038,23311847750.9394,24561027787.7896
Estonia,EST,"Population, total",SP.POP.TOTL,1561900,1568131,1569174,1561314,1533091,1494128,1462514,1436634,1415594,1399535,1386156,1390244,1396985,1388115,1379350,1370720,1362550,1354775,1346810,1340680,1337090,1334515,1331475,1327439,1322696,1317997,1314545,1315407,1315790
Estonia,EST,Land area (sq. km),AG.LND.TOTL.K2,..,..,..,..,42390,42390,42390,42390,42390,42390,42390,42390,42390,42390,42390,42390,42390,42390,42390,42390,42390,42390,42390,42390,42390,43470,43470,43470,43470
Eswatini,SWZ,GDP (current US$),NY.GDP.MKTP.CD,692026454.737872,696921542.378265,1114694040.66987,1156135717.94598,1284759927.54594,1357189551.68431,1419294254.4183,1698989463.99106,1602741833.70552,1716714070.12471,1576908856.34674,1547888495.98428,1697161557.89452,1502870485.88122,1393945030.65105,2149632433.27703,2710331785.24986,3097946371.06311,3215307900.74767,3391122887.17476,3235921170.5095,3525213502.43118,4360714358.88708,4722912047.32265,4747813067.26006,4463396204.01995,4285065665.03168,3908217914.21824,3722306116.72872
Eswatini,SWZ,"Population, total",SP.POP.TOTL,799798,837800,872428,908189,943416,971318,971212,970433,989841,1006635,1019653,1030782,1041414,1051064,1059441,1066700,1073159,1079022,1084436,1090705,1098091,1105153,1111650,1117833,1123863,1129990,1136299,1142813,1149507
Eswatini,SWZ,Land area (sq. km),AG.LND.TOTL.K2,17200,17200,17200,17200,17200,17200,17200,17200,17200,17200,17200,17200,17200,17200,17200,17200,17200,17200,17200,17200,17200,17200,17200,17200,17200,17200,17200,17200,17200
Ethiopia,ETH,GDP (current US$),NY.GDP.MKTP.CD,11181119717.8744,11762932007.2464,12478943895.1691,13799799323.6715,10754799036.5745,9051043870.12197,7100806753.92942,7855205206.93405,8761215548.48614,8803539988.33248,8013274131.69715,7892973531.80045,8242349617.8638,8231326016.47494,7850809498.16803,8623691300.04079,10131187261.4421,12401139453.9738,15280861834.6024,19707616772.7996,27066912635.2228,32437389116.038,29933790334.3418,31952763089.33,43310721414.0829,47648276605.0123,55612228233.5179,62103418181.8182,68475871209.607
Ethiopia,ETH,"Population, total",SP.POP.TOTL,44150825,45879690,47609755,49717198,51853747,53708891,55611508,57537335,59467635,61404539,63363524,65374561,67411494,69487762,71635517,73832663,76077206,78367470,80703490,83103217,85543668,88007636,90538514,93149970,95798767,98438751,101115610,103867135,106718162
Ethiopia,ETH,Land area (sq. km),AG.LND.TOTL.K2,..,..,..,..,..,1000000,1000000,1000000,1000000,1000000,1000000,1000000,1000000,1000000,1000000,1000000,1128597.3,1128599.8,1128613.2,1128631.2,1128568.3,1128588.6,1128571,1128575.1,1128582.1,1128572.1,1128538.3,1128539.4,1128558.5
Euro area,EMU,GDP (current US$),NY.GDP.MKTP.CD,4621258135477.36,4718253841956.65,5930533130402.98,6132817301223.23,6756330192255.26,6188568278738.88,6536616886781.35,7553162009471.07,7635464160643.11,6983168724241.48,7182324521394.46,7152815111745.68,6533285976076.88,6636734730022.05,7247791094758.98,8929519218443.93,10242911187425.1,10627971366602,11309041991993.2,13035176682196.7,14346208350010.2,13135138604358.3,12835436183865.7,13866247656132.3,12839246579840.9,13413105856914.7,13739142693292.4,11880603228444.5,12177215800581.1
Euro area,EMU,"Population, total",SP.POP.TOTL,322253968,323511047,324805296,326040277,327283137,328525489,329467622,330214252,330931209,331618343,332233144,332992575,333959803,334870337,336306839,338061667,339856977,341556724,343100724,344828323,346471036,347581287,348398403,347715695,348406547,348799535,349302135,350164707,351027116
Euro area,EMU,Land area (sq. km),AG.LND.TOTL.K2,2511980,2511980,2511980,2511980,2755327,2803417,2803407,2803397,2803457,2803417,2803317,2803277,2837324.46,2836794.46,2835444.46,2835596.46,2835506.46,2835256.46,2834616.46,2834656.46,2834117.66,2833987.26,2835298.66,2835134.46,2835444.16,2836844.66,2836832.06,2836247.66,2836640.06
Europe & Central Asia,ECS,GDP (current US$),NY.GDP.MKTP.CD,7168510979472.64,7263606602350.32,8878726012343.54,9138089898100.33,9788468740273.42,8995636772541.42,9408153883833.36,10940729460750.2,11168606418195.9,10603796378822.8,10797712209603.4,10686389670550.3,10078047371487,10182615561468.2,11150184165050.7,13558532492379.2,15806093490340.9,16828963477327.4,18232780756499.3,21312176373245.5,23464214449944,20665617638433.4,21144686639874.4,23462080654159.3,22592146410958.5,23610195160751,23959718523184.4,20639397476661.5,20560352355734.8
Europe & Central Asia,ECS,"Population, total",SP.POP.TOTL,835601588,840881507,845290252,849169385,852664501,855554222,857724587,859504754,861073426,862335057,863317613,864306932,865392479,866590696,868234843,870529446,873069464,875563919,878166933,880656346,884224673,887741127,890990370,893009594,896514509,899906171,903560070,907526485,911578015
Europe & Central Asia,ECS,Land area (sq. km),AG.LND.TOTL.K2,5474048.837,5473058.917,5473058.997,5473169.077,27106211.157,27227835.237,27223001.317,27220001.397,27219656.181,27288995.964,27291443.746,27298231.527,27335495.768,27334005.547,27333303.326,27333511.104,27333794.881,27333725.657,27430353.432,27430195.207,27428737.809,27429625.811,27430861.612,27430693.813,27430832.915,27432120.775,27431717.616,27435996.257,27436351.087
Europe & Central Asia (excluding high income),ECA,GDP (current US$),NY.GDP.MKTP.CD,260718580043.155,296016947774.013,354162047861.415,341091427145.219,328456061561.192,339240955303.574,265720716949.43,373850853754.823,395418991591.802,420620916289.984,421392804209.247,384494001094.165,391265288460.481,335654261833.442,390539574547.918,498100392298.148,641354851059.115,798910158032.869,929653913665.92,1171564532812.61,1402469464526.39,1169850373591.65,1390857073642.43,1581470670923.71,1666784947849,1818186938934.41,1745687745481.27,1521842301869.27,1459048873589.79
Europe & Central Asia (excluding high income),ECA,"Population, total",SP.POP.TOTL,202990335,205733205,208212866,210169114,212032319,213395945,214329901,215114964,216002100,216672059,217104725,217579952,218486598,219435056,220400259,221399692,222413290,223360135,224417513,225016072,226524480,228250911,230106440,231988438,233875199,235905150,237999321,240083379,242224182
Europe & Central Asia (excluding high income),ECA,Land area (sq. km),AG.LND.TOTL.K2,797030,797030,797030,797030,5796775,5796819,5796795,5796775,5796761,5796752,5796591,5796200,5806658,5806599,5806588,5806575,5806570,5806622,5907561,5907454,5907426,5907385,5907330,5907257,5907247,5907266,5906131,5910951,5910959
Europe & Central Asia (IDA & IBRD countries),TEC,GDP (current US$),NY.GDP.MKTP.CD,991676770953.412,963860077864.432,1023447655222.17,1001726332504.6,928560950239.102,919184389271.211,828931569961.887,991386506668.089,1021246372670.98,1056346888859.98,949940635053.96,824136419159.807,896296644399.434,911685748933.185,1024837356677.88,1261025229727.55,1631386098916.6,2043000026365.16,2471291016359.46,3179151934107.3,3936202053332.51,3121840190453.83,3673616542653.72,4468439340114.01,4664191795996.97,4934304443297.29,4663476749067.68,3645031517122.17,3500968563901.72
Europe & Central Asia (IDA & IBRD countries),TEC,"Population, total",SP.POP.TOTL,424466137,428221424,430990546,433132067,434844449,436152186,437106291,437796116,438325526,438638046,438735255,438650260,438423541,438100368,437806951,437905932,438136036,438333196,438714358,438680283,439732746,441304973,442936599,444846366,446941101,449128604,451432428,453662073,455913002
Europe & Central Asia (IDA & IBRD countries),TEC,Land area (sq. km),AG.LND.TOTL.K2,1444290,1443300,1443300,1443410,22889015,22885289,22880465,22877475,22877141,22877832,22880311,22887140,22890540,22889581,22888400,22888479,22888854,22888926,22986195,22985978,22985070,22985119,22985054,22985051,22984881,22984900,22983795,22988615,22988623
European Union,EUU,GDP (current US$),NY.GDP.MKTP.CD,5097809505881.36,5205969934446.26,6509962315038.71,6725128658501.09,7386533474604.1,6748064931035.35,7153669602083.88,8292479629104.28,8427282888819.22,7730067215825.26,7963038897258,7926425566614.07,7279892216791.94,7398267811404.69,8089955515956.84,9944006859363.36,11434848361291.9,11940626626680.2,12754718274523.8,14779905573599.5,16360464416206,14844850799682.2,14641776061063.4,15874716537128.7,14731878294328.4,15398511081475.3,15763599531004.8,13656255577702.6,13988150566298.6
European Union,EUU,"Population, total",SP.POP.TOTL,417653885,419102379,420525030,421741276,422968989,424344744,425404352,426210050,426905134,427547651,428120105,428825949,429339162,429909307,430924112,432512916,434193248,435789139,437263803,438796003,440270719,441388573,442088310,441414078,442069839,442425741,442920819,443793218,444676652
European Union,EUU,Land area (sq. km),AG.LND.TOTL.K2,3585819.7,3584829.7,3584829.7,3584939.7,3828286.7,3953636.7,3953676.7,3953646.7,3953736.7,3953646.7,3953606.7,3953576.7,3987554.16,3987024.16,3985834.16,3986016.16,3986056.16,3985776.16,3985116.16,3985066.16,3984507.36,3985436.96,3986728.36,3986634.16,3986783.86,3988174.36,3988921.76,3988298.3,3988690.7
Faroe Islands,FRO,GDP (current US$),NY.GDP.MKTP.CD,968576956.930265,871935350.384909,960805408.949872,909253214.82608,912670413.325883,760957189.757646,758739178.612171,901404709.830684,989536914.659081,933763083.395627,1104744235.30111,1127684827.35686,1067109530.64798,1160268212.07291,1275093689.27107,1501941580.88903,1724770770.83393,1759739599.22694,2017680834.89917,2339015313.29513,2489873249.62815,2296065170.05552,2331796784.36009,2505740669.27039,2427200388.91831,2690110520.92548,2914012679.27277,2573905971.05459,2813278868.78208
Faroe Islands,FRO,"Population, total",SP.POP.TOTL,47356,47959,47741,47447,47287,46474,44695,43611,43581,44132,44674,45146,45754,46635,47335,48032,48384,48359,48335,48378,48547,48790,48656,48542,48290,48245,48427,48898,49463
Faroe Islands,FRO,Land area (sq. km),AG.LND.TOTL.K2,1396,1396,1396,1396,1396,1396,1396,1396,1396,1396,1396,1396,1396,1396,1396,1396,1396,1396,1396,1396,1396,1396,1396,1396,1396,1396,1396,1396,1396
Fiji,FJI,GDP (current US$),NY.GDP.MKTP.CD,1110009522.75743,1182660265.76635,1337017559.49728,1383883249.591,1532411039.05479,1636101246.9394,1825732092.54674,1970301486.20561,2128696643.62574,2090221137.02876,1653146716.58235,1936459986.03795,1678219507.89829,1652462023.46215,1833279985.36741,2300492465.32276,2708078476.63012,2980403844.72096,3076305452.86506,3378314599.76402,3523185919.55826,2870624635.68032,3140166712.79624,3779411899.37483,3972028104.47328,4189967998.51424,4857104768.86844,4682479893.97558,4930213644.36653
Fiji,FJI,"Population, total",SP.POP.TOTL,758697,766321,773316,779656,785346,790369,794771,798746,803789,812139,822258,831828,840909,849596,858049,866286,874366,882379,890365,897832,903399,907239,910419,912989,914918,916352,917585,918578,919166
Fiji,FJI,Land area (sq. km),AG.LND.TOTL.K2,18270,18270,18270,18270,18270,18270,18270,18270,18270,18270,18270,18270,18270,18270,18270,18270,18270,18270,18270,18270,18270,18270,18270,18270,18270,18270,18270,18270,18270
Finland,FIN,GDP (current US$),NY.GDP.MKTP.CD,109039090262.971,118991270611.057,141446120354.533,127794441993.824,112537828510.751,89112105756.2194,103182697780.307,134060457516.34,131991975148.848,126862902302.142,133990876724.522,135234241918.147,125967821110.589,129519672868.898,140360963811.765,171612867735.686,197458297639.769,204859368790.661,217044068234.117,256360251537.648,285698662071.094,253480783439.453,249429613683.334,275126915515.565,257443384492.969,270268036626.275,273478528954.901,233210733506.25,238777818792.608
Finland,FIN,"Population, total",SP.POP.TOTL,4946481,4964371,4986431,5013740,5041992,5066447,5088333,5107790,5124573,5139835,5153498,5165474,5176209,5188008,5200598,5213014,5228172,5246096,5266268,5288720,5313399,5338871,5363352,5388272,5413971,5438972,5461512,5479531,5495303
Finland,FIN,Land area (sq. km),AG.LND.TOTL.K2,304590,304590,304590,304590,304590,304590,304590,304590,304590,304590,304590,304590,304590,304590,304590,304590,304590,304590,304110,304090,303900,303900,303900,303890,303890,303890,303890,303910,303910
France,FRA,GDP (current US$),NY.GDP.MKTP.CD,1010827662151.75,1016742237302.08,1257649439826.53,1258961748633.88,1389663073110.28,1314383368079.69,1385822778827.98,1595219345511.89,1598889216566.23,1449392222971.45,1496906382032.47,1486915879701.93,1360959069477.49,1370376677298.86,1492427756382.43,1835095983049.09,2109792297237.03,2192146403028.17,2317861544690.82,2655816911866.56,2926802941585.86,2700075882518.98,2646230027988.34,2870408553990.28,2683007095787.23,2816077607875.26,2861236112552.42,2442483452642.5,2470407619777.13
France,FRA,"Population, total",SP.POP.TOTL,57598186,57943062,58261012,58554242,58846584,59103094,59324863,59541294,59754504,59968066,60190684,60501986,60918661,61364377,61812142,62249855,62707588,63180854,63622342,64016890,64375116,64706436,65026211,65340830,65657659,65997932,66312067,66548272,66724104
France,FRA,Land area (sq. km),AG.LND.TOTL.K2,538950,538950,538950,538950,538950,538950,538950,538950,538950,538950,538950,538950,538950,538950,538950,538950,538950,538950,538950,538950,538950,538950,538950,538950,538950,538950,538950,538950,538950
French Polynesia,PYF,GDP (current US$),NY.GDP.MKTP.CD,2723496362.0482,2731683484.45369,3320159522.36546,3410078967.89823,3713785765.42205,3544608548.41734,3676123788.0323,4186994249.08861,4166072829.60099,3762859093.26192,3903186592.82431,3911602004.14205,3599845480.34359,3573808556.31268,3965405552.5203,4927780606.7707,5564109981.9138,5705052134.54253,5877997979.62266,6631156405.59637,7136741421.95908,6584557973.9375,6086644798.55982,6203940036.91982,5692858099.00217,6031827122.60663,6151996560.84289,5325846361.81186,5497036476.8031
French Polynesia,PYF,"Population, total",SP.POP.TOTL,195193,199643,203776,207744,211559,215219,218738,222118,225489,229121,232891,236595,240337,244097,247775,251637,255654,259507,263223,266438,268379,269481,270580,271727,273084,274728,276387,277866,279178
French Polynesia,PYF,Land area (sq. km),AG.LND.TOTL.K2,3660,3660,3660,3660,3660,3660,3660,3660,3660,3660,3660,3660,3471,3471,3471,3471,3471,3471,3471,3471,3471,3471,3471,3471,3471,3471,3471,3471,3471
Gabon,GAB,GDP (current US$),NY.GDP.MKTP.CD,3834503376.02992,4186411463.85975,5952293764.84777,5402919784.57004,5592390827.39854,4378645081.01769,4190819344.22255,4958845648.04778,5694040002.89863,5326817114.53586,4483417309.83011,4662992036.2073,5080483628.53013,5023265413.2623,5335451099.88223,6511903365.47554,7770219008.21293,9582783990.85345,10327598306.4575,12455409587.3371,15571348344.3379,12113699068.2517,14372593020.2885,18210307743.5816,17170464016.0593,17595744798.3398,18203966895.8433,14383107762.6952,14023890265.3665
Gabon,GAB,"Population, total",SP.POP.TOTL,931020,957138,983734,1010818,1038380,1066405,1094720,1123213,1152015,1181439,1211736,1243016,1275572,1309589,1345135,1382350,1421609,1463495,1508337,1556237,1607175,1661556,1719879,1781985,1846889,1913059,1978399,2040989,2100306
Gabon,GAB,Land area (sq. km),AG.LND.TOTL.K2,257670,257670,257670,257670,257670,257670,257670,257670,257670,257670,257670,257670,257670,257670,257670,257670,257670,257670,257670,257670,257670,257670,257670,257670,257670,257670,257670,257670,257670
"Gambia, The",GMB,GDP (current US$),NY.GDP.MKTP.CD,266672211.934161,284120329.401023,317083695.477797,690311080.515018,714254256.122189,755040974.087322,746493951.900959,785999864.840299,848239446.21576,803633342.473706,840285264.631545,814724032.065735,782913871.80966,687410645.063943,578235309.327198,487038685.045496,961900651.423441,1027701067.55688,1054112487.74083,1279703047.0221,1561766955.73024,1450142508.57808,1543294926.87301,1409693596.93594,1415004738.26621,1375609453.43746,1229461721.40861,1378176608.93204,1484578885.97132
"Gambia, The",GMB,"Population, total",SP.POP.TOTL,970160,1011357,1054696,1099959,1145582,1188365,1227226,1264313,1301410,1338889,1376987,1415779,1455084,1495011,1535691,1577611,1621312,1667037,1715275,1765774,1817852,1871422,1926630,1983784,2043094,2103820,2164528,2224529,2283769
"Gambia, The",GMB,Land area (sq. km),AG.LND.TOTL.K2,10120,10120,10120,10120,10120,10120,10120,10120,10120,10120,10120,10120,10120,10120,10120,10120,10120,10120,10120,10120,10120,10120,10120,10120,10120,10120,10120,10120,10120
Georgia,GEO,GDP (current US$),NY.GDP.MKTP.CD,8833588173.40023,8902632715.25406,7735927263.59261,6324503311.25828,3690328963.64086,2701181331.30816,2513867645.13316,2693732611.81599,3094936177.1918,3510520231.21387,3613497316.55319,2800025882.71672,3057475335.18846,3219462262.0075,3395766677.67315,3991377904.13162,5125365191.98664,6410912049.87105,7745250733.95067,10172931088.5655,12795145130.9103,10766920065.8251,12426907967.1578,15475290469.2869,16894392033.2256,17517660143.6859,17966015109.3043,15223796148.8396,15444548901.9637
Georgia,GEO,"Population, total",SP.POP.TOTL,4790700,4803300,4802000,4835900,4873500,4911100,4836076,4657722,4491699,4349913,4243607,4157192,4077131,4014373,3978515,3951736,3927340,3902469,3880347,3860158,3848449,3814419,3786695,3756441,3728874,3717668,3719414,3725276,3727505
Georgia,GEO,Land area (sq. km),AG.LND.TOTL.K2,..,..,..,..,69490,69490,69490,69490,69490,69490,69490,69490,69490,69490,69490,69490,69490,69490,69490,69490,69490,69490,69490,69490,69490,69490,69490,69490,69490
Germany,DEU,GDP (current US$),NY.GDP.MKTP.CD,1406367016371.53,1404092925205.45,1778162195860.07,1875792575132.59,2141377582968.07,2078954217437.6,2215282632276.73,2593053091306.13,2506576553158.31,2218790886532.82,2247760364565.97,2213873468586.88,1966980701145.1,1966381496641.73,2102350798305.89,2534715518349.01,2852317768061.78,2893393187361.87,3046308753670.58,3484056680854.91,3808197720125,3478545516683.59,3467093769666.67,3823575803793.78,3596483233406.25,3807023797050.99,3964870735760.77,3425099578746.09,3536787895179
Germany,DEU,"Population, total",SP.POP.TOTL,78144619,78751283,79433029,80013896,80624598,81156363,81438348,81678051,81914831,82034771,82047195,82100243,82211508,82349925,82488495,82534176,82516260,82469422,82376451,82266372,82110097,81902307,81776930,80274983,80425823,80645605,80982500,81686611,82348669
Germany,DEU,Land area (sq. km),AG.LND.TOTL.K2,349130,349130,349130,349130,349130,349120,349110,349100,349090,349050,349020,348980,348950,348900,348860,348810,348770,348760,348720,348670,348630,348610,348570,348560,348540,348880,348900,348860,349360
Ghana,GHA,GDP (current US$),NY.GDP.MKTP.CD,5197765031.64557,5251858439.874,5889106573.46088,6603185267.79643,6416103925.83267,5968922939.37198,5446383726.77047,6464382807.67884,6932991739.37767,6891443192.24985,7482069162.42008,7718109982.26093,4982850662.20851,5314872854.4405,6166197847.85031,7632723555.66221,8881417906.71432,10744568381.4456,20885037596.6963,24827339138.4906,28679383241.0729,26048720005.5233,32197655566.5347,39336668080.559,41271701060.954,62845721959.827,54678533805.9064,49436806230.4839,56144179397.8516
Ghana,GHA,"Population, total",SP.POP.TOTL,14636568,15006813,15394648,15787496,16184855,16589519,16993190,17399017,17810181,18238958,18688036,19149864,19637087,20167069,20729388,21296705,21868298,22449438,23040702,23642279,24249946,24862664,25474995,26095088,26734268,27386193,28041592,28696068,29356742
Ghana,GHA,Land area (sq. km),AG.LND.TOTL.K2,227540,227540,227540,227540,227540,227540,227540,227540,227540,227540,227540,227540,227540,227540,227540,227540,227540,227540,227540,227540,227540,227540,227540,227540,227540,227540,227540,227540,227540
Gibraltar,GIB,GDP (current US$),NY.GDP.MKTP.CD,..,..,..,..,..,..,..,..,..,..,..,..,..,..,..,..,..,..,..,..,..,..,..,..,..,..,..,..,..
Gibraltar,GIB,"Population, total",SP.POP.TOTL,27839,27544,27200,26898,26878,27070,27239,27377,27487,27582,27650,27692,27709,27657,27831,28274,28715,29163,29594,30006,30413,30823,31248,31660,32029,32407,32813,33193,33658
Gibraltar,GIB,Land area (sq. km),AG.LND.TOTL.K2,10,10,10,10,10,10,10,10,10,10,10,10,10,10,10,10,10,10,10,10,10,10,10,10,10,10,10,10,10
Greece,GRC,GDP (current US$),NY.GDP.MKTP.CD,75200610136.9205,78067933277.3815,96529587274.2906,103680863712.844,114608178405.434,107295704518.43,114980063202.247,134974613913.811,142502984144.96,138766067640.085,139612812175.718,137131371955.307,125760166224.805,132050474720.03,150253800085.865,196930509813.384,234979615898.225,242315668619.405,269073415333.676,314226996944.108,351121399546.485,326829054686.306,296417644404.034,283228079776.041,238841140018.233,236556279640.705,233911581521.062,194567373678.099,193097239005.87
Greece,GRC,"Population, total",SP.POP.TOTL,10036983,10089498,10196792,10319927,10399061,10460415,10512922,10562153,10608800,10661259,10720509,10761698,10805808,10862132,10902022,10928070,10955141,10987314,11020362,11048473,11077841,11107017,11121341,11104899,11045011,10965211,10892413,10820883,10775971
Greece,GRC,Land area (sq. km),AG.LND.TOTL.K2,128900,128900,128900,128900,128900,128900,128900,128900,128900,128900,128900,128900,128900,128900,128900,128900,128900,128900,128900,128900,128900,128900,128900,128900,128900,128900,128900,128900,128900
Greenland,GRL,GDP (current US$),NY.GDP.MKTP.CD,898607670.624413,929799902.191124,1018977280.32928,1016500069.25708,1037916162.54976,927214151.76793,1005887539.32049,1208953287.06598,1197515569.08202,1072154433.84538,1149858069.75766,1131555107.04907,1068025016.00862,1086170703.9816,1169136716.03557,1558759823.08169,1822499769.23938,1849802648.36391,2013106929.50031,2249811295.6608,2499092314.41875,2529963903.22685,2503167187.49305,2684461375.46585,2609678486.36749,2684946990.12448,2842065708.35962,2499113022.81675,2707139544.46695
Greenland,GRL,"Population, total",SP.POP.TOTL,54800,55300,55600,55500,55300,55200,55500,55800,55900,56000,56100,56100,56185,56379,56595,56751,56898,56935,56775,56555,56328,56323,56534,56890,56810,56483,56295,56114,56186
Greenland,GRL,Land area (sq. km),AG.LND.TOTL.K2,341700,341700,341700,341700,341700,341700,341700,341700,341700,410450,410450,410450,410450,410450,410450,410450,410450,410450,410450,410450,410450,410450,410450,410450,410450,410450,410450,410450,410450
Grenada,GRD,GDP (current US$),NY.GDP.MKTP.CD,236357523.703704,267327642.222222,278098762.962963,300757888.888889,310160444.444444,309812185.185185,325111814.814815,342172518.518519,366911444.444444,392190592.592593,445903592.592593,482009370.37037,520044370.37037,520444185.185185,540336925.925926,591018407.407407,599118592.592593,695555555.555555,698700666.666667,758683592.592593,825976037.037037,771275555.555555,771014814.814815,778655555.555555,799881481.481481,842618518.518518,911496296.296296,997007407.407407,1061640740.74074
Grenada,GRD,"Population, total",SP.POP.TOTL,98308,99121,99957,100793,101602,102382,103138,103869,104584,105293,106009,106727,107451,107987,108404,108884,109323,109734,110135,110522,110896,111254,111586,112079,112775,113487,114132,114676,115130
Grenada,GRD,Land area (sq. km),AG.LND.TOTL.K2,340,340,340,340,340,340,340,340,340,340,340,340,340,340,340,340,340,340,340,340,340,340,340,340,340,340,340,340,340
Guam,GUM,GDP (current US$),NY.GDP.MKTP.CD,..,..,..,..,..,..,..,..,..,..,..,..,..,..,3394000000,3569000000,3869000000,4213000000,4238000000,4397000000,4658000000,4828000000,4949000000,4984000000,5265000000,5399000000,5610000000,5799000000,5901000000
Guam,GUM,"Population, total",SP.POP.TOTL,132799,135799,138610,141073,143393,145654,147868,150054,152169,154215,156237,158289,160065,161329,162315,163137,163810,164365,164839,165267,165693,166173,166522,166543,166331,165966,165486,164905,164233
Guam,GUM,Land area (sq. km),AG.LND.TOTL.K2,540,540,540,540,540,540,540,540,540,540,540,540,540,540,540,540,540,540,540,540,540,540,540,540,540,540,540,540,540
Guatemala,GTM,GDP (current US$),NY.GDP.MKTP.CD,7841602824.42748,8410724360.79545,7650196845.21546,9406135143.41165,10440781587.5435,11400017301.4587,12983233310.7467,14655404433.2771,15674835615.3139,17790026221.6139,19395491992.9939,18318412251.3642,19288929030.0508,18405220247.4412,20444205991.025,21576351798.9145,23577298094.6571,26783389293.922,29744246827.1839,33567850824.1039,38503720224.3166,37126148264.6383,40676578423.4871,46876006272.2387,49593929487.1263,52996420177.4409,57852159007.6243,62186066547.6566,66053408205.8838
Guatemala,GTM,"Population, total",SP.POP.TOTL,8532099,8775546,9024773,9272584,9522266,9779761,10043718,10312996,10583526,10857754,11139145,11422965,11697592,11969422,12246915,12525842,12807402,13087629,13367459,13652040,13935174,14215611,14500112,14792126,15089647,15387337,15681725,15971743,16268760
Guatemala,GTM,Land area (sq. km),AG.LND.TOTL.K2,107160,107160,107160,107160,107160,107160,107160,107160,107160,107160,107160,107160,107160,107160,107160,107160,107160,107160,107160,107160,107160,107160,107160,107160,107160,107160,107160,107160,107160
Guinea,GIN,GDP (current US$),NY.GDP.MKTP.CD,3476480303.12273,3546079262.94987,3888320665.52218,4396178694.1535,4789220416.70641,4781166116.51789,4932800406.92974,5385704166.43341,5641243099.76661,5516916163.0949,5232118046.3713,5046806782.54761,4367458866.71537,4125527603.22908,4301608752.51396,5025167975.26363,5300767960.51572,4282468636.90501,4220019845.26341,6281918226.34408,6964179983.17212,6716905339.73136,6853467145.53089,6785137203.33153,7638044556.84656,8376613539.28278,8778473372.82124,8794201742.84609,8595955222.49719
Guinea,GIN,"Population, total",SP.POP.TOTL,6056574,6215811,6434374,6697166,6914366,7128177,7345107,7553249,7770035,7931370,8081990,8265123,8428832,8539960,8674066,8870781,9062726,9245844,9441171,9662281,9898870,10143534,10396086,10656810,10921581,11191873,11472924,11767070,12073030
Guinea,GIN,Land area (sq. km),AG.LND.TOTL.K2,245720,245720,245720,245720,245720,245720,245720,245720,245720,245720,245720,245720,245720,245720,245720,245720,245720,245720,245720,245720,245720,245720,245720,245720,245720,245720,245720,245720,245720
Guinea-Bissau,GNB,GDP (current US$),NY.GDP.MKTP.CD,427514321.528126,554072302.828333,634187269.235013,668470890.785147,588309271.28603,615779518.807114,612502084.797565,660195402.013602,702965147.568054,698107222.422492,591034143.426384,579365780.135134,391345597.488269,412610871.509121,466773711.235579,553614800.145707,582169841.298304,639776040.688424,634781901.251494,753162998.015113,952667544.037289,890167833.369849,940112538.936436,1157074319.19388,1049412177.11413,1109682824.13594,1135250721.0374,1152384166.79638,1245074264.10396
Guinea-Bissau,GNB,"Population, total",SP.POP.TOTL,942061,957789,973669,994639,1024356,1058745,1092031,1119949,1143535,1165545,1187473,1210206,1234741,1261273,1289307,1318806,1349563,1381585,1415303,1450986,1488054,1526377,1566347,1608076,1651417,1695973,1741122,1786457,1831893
Guinea-Bissau,GNB,Land area (sq. km),AG.LND.TOTL.K2,28120,28120,28120,28120,28120,28120,28120,28120,28120,28120,28120,28120,28120,28120,28120,28120,28120,28120,28120,28120,28120,28120,28120,28120,28120,28120,28120,28120,28120
Guyana,GUY,GDP (current US$),NY.GDP.MKTP.CD,413799990,379779389.705882,396582263.291139,348533094.812165,373573141.486811,454101382.488479,545278380.33261,621626785.915493,705406001.424501,749138009.56454,717530683.169567,694754988.258295,712667896.727512,712167450.162898,726131434.715338,743063950.317749,787814379.183843,824880550.343965,2379817990.6918,2730971595.39574,3025187433.33637,3165663152.73351,3432912516.92427,3691384317.52178,4063088535.76331,4167800928.83553,4127660151.8087,4279840193.7046,4482697336.56174
Guyana,GUY,"Population, total",SP.POP.TOTL,759663,754865,749894,747861,749911,752965,755822,758388,760526,762245,763586,764483,764832,764477,763652,763101,762418,760914,758966,756861,754606,752094,749256,746153,746288,750021,754229,758781,763548
Guyana,GUY,Land area (sq. km),AG.LND.TOTL.K2,196850,196850,196850,196850,196850,196850,196850,196850,196850,196850,196850,196850,196850,196850,196850,196850,196850,196850,196850,196850,196850,196850,196850,196850,196850,196850,196850,196850,196850
Haiti,HTI,GDP (current US$),NY.GDP.MKTP.CD,2613926800,2736243800,3096289800,3473562627.79423,2257129791.61575,1878253767.31305,2167569046.11837,2813313278.81082,2907517603.76719,3338949151.59927,3723903723.63772,4153725883.84082,6813566098.8675,6331970324.31022,6205847213.6351,5071947798.27263,6087360684.2969,7030149730.33692,7638739122.67242,9228637767.69009,10432962634.8748,11597002834.7786,11859312725.1448,13008746038.8867,13708925477.1304,14902488604.2421,15146883497.6331,14849629308.6025,14069277526.2278
Haiti,HTI,"Population, total",SP.POP.TOTL,6578145,6714730,6854441,6995450,7136571,7278181,7419771,7562546,7707557,7854298,8002143,8151296,8303151,8455918,8607641,8759912,8910263,9061273,9216562,9373296,9530774,9689581,9803294,9914904,10069771,10222362,10373235,10523242,10671457
Haiti,HTI,Land area (sq. km),AG.LND.TOTL.K2,27560,27560,27560,27560,27560,27560,27560,27560,27560,27560,27560,27560,27560,27560,27560,27560,27560,27560,27560,27560,27560,27560,27560,27560,27560,27560,27560,27560,27560
Heavily indebted poor countries (HIPC),HPC,GDP (current US$),NY.GDP.MKTP.CD,141558264239.402,144132297739.617,165447183504.841,180013449210.399,136844691209.976,142051421908.561,121518574647.308,141395905527.759,154688747451.139,161933433655.407,167620980707.493,168431404824.133,181929508086.652,175879852361.494,190891346466.397,216610034974.426,249571115303.131,288591119560.553,338947673939.485,404319749775.223,481564738213.917,475142721102.049,518681650290.886,573435618293.002,595060811936.517,667216081741.819,705379811037.148,674525283733.803,677053478623.394
Heavily indebted poor countries (HIPC),HPC,"Population, total",SP.POP.TOTL,342112889,351789420,361373197,371118724,382206581,394532014,406616961,418529718,430720216,442909917,455629985,468742376,481628012,494824112,509293837,524375932,539388313,554927452,571013586,586992483,603575028,620916734,638389596,656367599,674950539,694136340,714234635,734837721,756237630
Heavily indebted poor countries (HIPC),HPC,Land area (sq. km),AG.LND.TOTL.K2,16276191,16276191,16276191,16276191,16276191,17377191,17377191,17377191,17377191,17377191,17377191,17377191,17377191,17377191,17377191,17377191,17525770.925,17525816.126,17525808.231,17525854.806,17525816.794,17525849.192,17526537.103,17526820.089,19394820.22,19394782.378,19394735.485,19394789.175,19394796.959
High income,HIC,GDP (current US$),NY.GDP.MKTP.CD,16869194658968,17566085159647.2,19667490187457.3,20754390160176.7,22226176245107.4,22395792091846.1,23957531730599.6,26567418298132.5,26785161174425.9,26340216405261.3,26260273154078.2,27503045905190,28162974031506.3,27928896371817.3,29144343172968.7,32698820544966.3,36519104666599.4,38777915773379.3,41167629825978.1,45307766399565.3,48575377625136.2,45185733854675.9,47610738714068.3,51830653433932,52028174318125.2,52790662359056.5,53724417584285.8,50179969310921.3,51167643745037.1
High income,HIC,"Population, total",SP.POP.TOTL,1166527685,1174766408,1182189939,1190620652,1199265190,1207321942,1214865411,1222056186,1229173348,1236130405,1242897726,1249367360,1255696330,1262093741,1268559564,1275200577,1282168195,1289125857,1296891494,1305578110,1314671040,1322754051,1328657753,1334557662,1342428399,1350148878,1357495262,1366012613,1374283414
High income,HIC,Land area (sq. km),AG.LND.TOTL.K2,35123914.837,35122924.917,35122924.997,35123955.077,51757272.157,51878852.237,51874042.317,51871122.397,51870691.181,51940039.964,51942648.746,51949827.527,51979404.768,51978259.547,51977624.326,51977877.104,51978198.881,51978117.657,51973842.032,51973842.407,51957998.009,51958997.311,51960432.312,51960862.713,51961136.815,51962523.075,51961072.676,51960553.417,51971269.347
Honduras,HND,GDP (current US$),NY.GDP.MKTP.CD,4892660944.20601,4375896551.72414,3734460116.73152,3699381195.10223,4122846905.18198,4190773622.25871,4105686899.43868,4672346193.95203,4798834459.45946,5569178707.22433,6163707533.23486,6394090592.33449,7186638029.05875,7651162302.3456,7858255412.86038,8230391346.67228,8869299234.3377,9757012696.56212,10917477066.1429,12361257680.5627,13881731875.7466,14587496229.1811,15839344591.9842,17710275685.4074,18528554397.5695,18499729214.904,19756533971.8698,20979791685.416,21717604952.1835
Honduras,HND,"Population, total",SP.POP.TOTL,4707677,4841838,4980488,5123792,5271431,5423249,5579242,5739637,5903954,6071454,6234431,6400463,6577773,6757993,6938859,7119213,7298994,7478355,7656832,7834798,8012587,8189899,8365878,8540583,8715076,8889278,9063122,9237305,9412380
Honduras,HND,Land area (sq. km),AG.LND.TOTL.K2,111890,111890,111890,111890,111890,111890,111890,111890,111890,111890,111890,111890,111890,111890,111890,111890,111890,111890,111890,111890,111890,111890,111890,111890,111890,111890,111890,111890,111890
"Hong Kong SAR, China",HKG,GDP (current US$),NY.GDP.MKTP.CD,59707404560.5944,68790219177.9733,76928784620.8158,88959997899.9293,104272507639.282,120354212475,135811771026.33,144652295363.667,159718183550.734,177353174849.714,168885443660.072,165768095391.557,171668891194.349,169404327616.605,166348866131.028,161385558801.811,169099768875.193,181569311742.213,193535442896.365,211596944503.8,219278749139.734,214047795659.045,228638668727.291,248513617677.287,262628865879.697,275696879834.966,291459995978.893,309385622601.348,320860317562.562
"Hong Kong SAR, China",HKG,"Population, total",SP.POP.TOTL,5627600,5686200,5704500,5752000,5800500,5901000,6035400,6156100,6435500,6489300,6543700,6606500,6665000,6714300,6744100,6730800,6783500,6813200,6857100,6916300,6957800,6972800,7024200,7071600,7150100,7178900,7229500,7291300,7336600
"Hong Kong SAR, China",HKG,Land area (sq. km),AG.LND.TOTL.K2,990,990,990,990,990,990,990,1050,1050,1050,1050,1050,1050,1050,1050,1050,1050,1050,1050,1050,1050,1050,1050,1050,1050,1050,1050,1050,1050
Hungary,HUN,GDP (current US$),NY.GDP.MKTP.CD,29799838597.4079,30422508937.567,34478360678.756,34867307352.646,38857339124.9084,40256233360.3817,43307949890.4603,46577614588.9926,46833767123.6915,47398564799.2496,48784412623.5939,49160204397.4635,47275954428.9586,53800068065.7969,67636468625.0428,85190469121.074,104015363080.271,113098237570.929,115604111412.139,140123326896.329,158228265915.534,130807441076.16,131898737241.166,141712804953.868,128470269689.958,135646053778.582,141128696412.321,125244126623.289,128983560865.293
Hungary,HUN,"Population, total",SP.POP.TOTL,10596487,10481719,10373988,10373400,10369341,10357523,10343355,10328965,10311238,10290486,10266570,10237530,10210971,10187576,10158608,10129552,10107146,10087065,10071370,10055780,10038188,10022650,10000023,9971727,9920362,9872734,9833038,9797755,9759755
Hungary,HUN,Land area (sq. km),AG.LND.TOTL.K2,89870,89870,89870,89870,89870,89860,89860,89860,89860,89800,89800,89800,89620,89620,89620,89620,89620,89610,89610,89610,89610,90530,90530,90530,90530,90530,91260,91260,91260
IBRD only,IBD,GDP (current US$),NY.GDP.MKTP.CD,3111420783529.12,3241136016134.9,3640234641965.91,3533522589116.7,3691704784868.32,3930669158918,4336867507416.28,4987839099170.13,5443875017792.29,5775060591518.17,5550058379297.93,5408484188258.02,5886134978692.93,5971611141415.03,6065785974350.62,6814154037538.79,8117393631129.81,9694742216243.09,11501211498155.5,14287517909878.2,17147397340377.1,16646670816085.3,20239797714297.1,23955878375012,25461967052262.8,26787319485055.1,27552867783541.2,25941217987927.1,26134891989406.5
IBRD only,IBD,"Population, total",SP.POP.TOTL,3334875641,3395765359,3455533853,3513390696,3568890021,3622924380,3675872938,3728290191,3780446473,3832391543,3884078902,3934521819,3983328255,4031080605,4077229003,4122775918,4168676771,4214082145,4258827055,4302067550,4346234014,4391389527,4436714947,4483152627,4532100585,4581958556,4630607878,4676773551,4721566970
IBRD only,IBD,Land area (sq. km),AG.LND.TOTL.K2,49973870.742,49972880.742,49972880.742,49973450.742,70661895.742,70658169.742,70653345.742,70650345.742,70650001.742,70650692.742,70624691.742,70631520.742,70675864.742,70674983.942,70673262.168,70680141.758,70680298.519,70683140.891,70783381.493,70782792.893,70782141.887,70779673.134,70780020.418,70780016.947,70780028.947,70779418.383,70777781.681,70777802.16,70778426.16
Iceland,ISL,GDP (current US$),NY.GDP.MKTP.CD,6320093411.44744,5870854233.21143,6694851159.32729,7151260062.07169,7328497599.30768,6435952173.86159,6612804055.79289,7372640168.67697,7686566105.26316,7716781803.07823,8637732541.50677,9107644690.76647,9140168922.35677,8323401820.48477,9416199699.54736,11564687741.9859,13963943244.0018,17146410560.5279,17671649843.2602,21960110030.4426,18247921360.2599,13212543837.5133,13922711576.5124,15394005872.149,14943757823.3226,16244319958.6808,18052183514.8695,17700486957.1907,21083713310.457
Iceland,ISL,"Population, total",SP.POP.TOTL,249740,252852,254826,257797,261057,263725,266021,267468,268916,271128,274047,277381,281205,284968,287523,289521,292074,296734,303782,311566,317414,318499,318041,319014,320716,323764,327386,330815,335439
Iceland,ISL,Land area (sq. km),AG.LND.TOTL.K2,100250,100250,100250,100250,100250,100250,100250,100250,100250,100250,100250,100250,100250,100250,100250,100250,100250,100250,100250,100250,100250,100250,100250,100250,100250,100250,100250,100250,100250
IDA & IBRD total,IBT,GDP (current US$),NY.GDP.MKTP.CD,3444369182795.25,3575934231280.55,4017916711579.41,3940510265551.67,4055233877768.44,4312831087602.11,4732712405129.87,5468656850572.46,5998032496242.65,6355351844568.47,6153797551256.08,5860980124816.42,6405161916663.93,6484663039122.95,6618955701161.44,7438051094244.74,8846953925341.98,10543941001743.8,12515788445511.7,15478350774972.5,18566849399860,18030309686510,21843599755374.1,25767419601408.7,27373456462077.4,28868139569390,29793136753560.6,28118750119954.2,28299821225498.5
IDA & IBRD total,IBT,"Population, total",SP.POP.TOTL,4164744262,4247963641,4330405013,4411294822,4491023184,4570457550,4648924378,4727266098,4805912319,4884445385,4962944802,5040311234,5116367192,5191975532,5266759631,5341441991,5416713041,5492049553,5567795358,5643066022,5719633233,5797573486,5876238780,5956303101,6038511525,6119970296,6201072972,6280370137,6359496256
IDA & IBRD total,IBT,Land area (sq. km),AG.LND.TOTL.K2,70750662.352,70749672.352,70749672.352,70751122.352,92196727.352,93294001.352,93282254.352,93279254.352,93278910.352,93279601.352,93253600.352,93260429.352,93315688.352,93314753.552,93313031.778,93319687.368,93466577.054,93469400.627,93569804.334,93569456.309,93568540.291,93566071.936,93567004.131,93567230.646,96067023.777,96066294.371,96063436.776,96069464.995,96071770.829
IDA blend,IDB,GDP (current US$),NY.GDP.MKTP.CD,148184197593.881,143853282362.366,159019516930.143,170036291239.493,165355540081.895,175244559141.651,190983317299.202,267309715975.135,328495025650.406,344040187982.76,360890034244.656,203538006166.57,244290144705.894,243968067390.483,267621509358.231,302939673628.933,365116376618.522,428328538127.197,526645636933.891,609839841031.772,714771797937.577,669157586077.064,786359231668.375,895839926018.559,990701519034.679,1081001766014.43,1175043316339.54,1116256560392.48,1047494187995.75
IDA blend,IDB,"Population, total",SP.POP.TOTL,282708012,291381564,300366368,309491517,318337815,327140314,336096421,345327214,354861820,364489851,374262946,384018319,394129957,404662385,414935066,425311302,436147454,447132945,458394453,470476526,482975881,495610570,508422508,520984443,532980174,544442648,555868551,567234056,578463670
IDA blend,IDB,Land area (sq. km),AG.LND.TOTL.K2,4462487.61,4462487.61,4462487.61,4462487.61,4887887.61,4887887.61,4887887.61,4887887.61,4887887.61,4887887.61,4887887.61,4887887.61,4898452.61,4898398.61,4898398.61,4898364.61,4898340.61,4898336.61,4898337.61,4898471.61,4898454.61,4898432.61,4898379.61,4898296.61,4898287.61,4898276.61,4898276.61,4905043.66,4906990.71
IDA only,IDX,GDP (current US$),NY.GDP.MKTP.CD,185622300396.396,192297036644.957,220767518955.363,240288582087.844,199759409827.933,208457572284.422,205697718339.071,213394230364.239,225170917306.56,235609683373.032,242828324963.786,249690571092.399,275650920074.91,269747437393.254,286540275917.585,322074306128.265,365272291015.942,421468030604.478,488304362308.806,580806156918.826,704680261545.393,714481284347.599,817442809408.684,915701300378.209,920787890779.856,999818318320.414,1065225653679.88,1061275571634.61,1117435048096.23
IDA only,IDX,"Population, total",SP.POP.TOTL,547160609,560816718,574504792,588412609,603795348,620392856,636955019,653648693,670604026,687563991,704602954,721771096,738908980,756232542,774595562,793354771,811888816,830834463,850573850,870521946,890423338,910573389,931101325,952166031,973430766,993569092,1014596543,1036362530,1059465616
IDA only,IDX,Land area (sq. km),AG.LND.TOTL.K2,16314304,16314304,16314304,16315184,16646944,17747944,17741021,17741021,17741021,17741021,17741021,17741021,17741371,17741371,17741371,17741181,17887937.925,17887923.126,17888085.231,17888191.806,17887943.794,17887966.192,17888604.103,17888917.089,20388707.22,20388599.378,20387378.485,20386619.175,20386353.959
IDA total,IDA,GDP (current US$),NY.GDP.MKTP.CD,334046886703.883,335577420976.103,378607545881.088,408942216794.755,364506102250.433,383123667526.839,396492340121.484,481971986420.762,555986446838.934,582084646127.729,606361225726.967,452400909421.395,519441856818.288,513296405076.011,553836284400.809,624678232124.012,730312504980.644,849808229882.356,1015393219998.18,1190938893682.2,1419452059482.97,1383638870424.66,1603802041077.06,1811541226396.77,1911489409814.53,2080820084334.84,2240268970019.42,2177532132027.09,2164929236091.98
IDA total,IDA,"Population, total",SP.POP.TOTL,829868621,852198282,874871160,897904126,922133163,947533170,973051440,998975907,1025465846,1052053842,1078865900,1105789415,1133038937,1160894927,1189530628,1218666073,1248036270,1277967408,1308968303,1340998472,1373399219,1406183959,1439523833,1473150474,1506410940,1538011740,1570465094,1603596586,1637929286
IDA total,IDA,Land area (sq. km),AG.LND.TOTL.K2,20776791.61,20776791.61,20776791.61,20777671.61,21534831.61,22635831.61,22628908.61,22628908.61,22628908.61,22628908.61,22628908.61,22628908.61,22639823.61,22639769.61,22639769.61,22639545.61,22786278.535,22786259.736,22786422.841,22786663.416,22786398.404,22786398.802,22786983.713,22787213.699,25286994.83,25286875.988,25285655.095,25291662.835,25293344.669
India,IND,GDP (current US$),NY.GDP.MKTP.CD,296589670895.932,296042052944.66,320979026420.035,270105341879.226,288208070278.013,279295648982.529,327274843459.429,360281909643.489,392896866204.516,415867563592.829,421351317224.941,458821052615.79,468395521654.458,485440139204.171,514939140318.756,607700687237.318,709152728830.775,820383763511.445,940259888787.721,1216736438834.96,1198895139005.92,1341888016994.9,1675615519484.96,1823051829894.55,1827637590410.41,1856721507621.58,2039126479154.52,2103588360044.94,2294796885663.16
India,IND,"Population, total",SP.POP.TOTL,827342990,846039529,864972221,883927600,902957070,922118387,941163767,960301044,979678458,999133762,1018665080,1038225823,1057922733,1077898575,1097600380,1116803006,1135991513,1154676322,1172878890,1190676021,1207930964,1225524753,1243481564,1261224954,1278674502,1295829511,1312277191,1328024498,1343944296
India,IND,Land area (sq. km),AG.LND.TOTL.K2,2973190,2973190,2973190,2973190,2973190,2973190,2973190,2973190,2973190,2973190,2973190,2973190,2973190,2973190,2973190,2973190,2973190,2973190,2973190,2973190,2973190,2973190,2973190,2973190,2973190,2973190,2973190,2973190,2973190
Indonesia,IDN,GDP (current US$),NY.GDP.MKTP.CD,84300174485.7973,94451427876.6628,106140727333.636,116621996217.133,128026966579.964,158006700301.533,176892143931.505,202132028723.115,227369679374.973,215748998609.635,95445547872.715,140001351215.462,165021012077.81,160446947784.909,195660611165.183,234772463823.808,256836875295.452,285868619196.085,364570515618.357,432216737774.861,510228634992.258,539580085612.401,755094157621.936,892969104563.171,917869913332.649,912524136718.018,890814755533.537,860854232686.214,931877364037.698
Indonesia,IDN,"Population, total",SP.POP.TOTL,176855065,180201630,183501098,186778238,190043744,193305168,196591828,199888057,203204348,206536095,209826788,213004668,216077790,219097902,222088495,225048008,227926649,230871650,233951652,237062337,240157903,243220028,246305322,249470032,252698525,255852467,258877399,261799249,264627418
Indonesia,IDN,Land area (sq. km),AG.LND.TOTL.K2,1811570,1811570,1811570,1811570,1811570,1811570,1811570,1811570,1811570,1811570,1811570,1811570,1877519,1877519,1877519,1877519,1877519,1877519,1877519,1877519,1877519,1877519,1877519,1877519,1877519,1877519,1877519,1877519,1877519
"Iran, Islamic Rep.",IRN,GDP (current US$),NY.GDP.MKTP.CD,123057861333.908,120496362916.271,124813263926.225,131637664958.014,119768691216.667,63743623232.012,71841461172.5964,96419225743.6737,120403931885.441,113919163421.155,110276913362.508,113848450088.351,109591707802.216,126878750295.944,128626917503.72,151911222119.488,187754571247.666,224970371324.67,265602187403.643,349736591832.418,406070949553.875,414059094949.063,487069570463.768,629082257472.368,644019315003.54,500399839839.877,462284793280.825,409191686496.677,478618064870.999
"Iran, Islamic Rep.",IRN,"Population, total",SP.POP.TOTL,55072694,56704914,58380092,59986931,61184983,61403543,61520598,62205567,62881300,63639638,64519859,65445391,66418659,67452005,68011317,68769340,70256316,71828455,73392747,74602648,75514204,76457825,77420842,78383598,79370580,80414686,81502045,82619362,83812228
"Iran, Islamic Rep.",IRN,Land area (sq. km),AG.LND.TOTL.K2,1628760,1628760,1628760,1628760,1628760,1628760,1628760,1628760,1628760,1628760,1628760,1628760,1628760,1628760,1628760,1628760,1628760,1628760,1628760,1628760,1628760,1628760,1628760,1628760,1628760,1628760,1628760,1628760,1628760
Iraq,IRQ,GDP (current US$),NY.GDP.MKTP.CD,62684516129.0323,65831935483.871,180408064516.129,407796349.663785,553671957.671958,1031944881.13189,3991349282.75729,12894029888.1122,10433698621.3427,20764857056.3795,20617405044.2425,36881601583.8194,48364250943.9051,36176430128.8057,32928454672.4246,21921569478.8163,36633669269.3981,50065104667.8159,65147051918.0219,88837057319.5179,131614434153.505,111657580326.315,138516722649.573,185749664444.444,218002476129.472,234637675128.645,228415656174.957,166774104959.102,166743557747.671
Iraq,IRQ,"Population, total",SP.POP.TOTL,16908819,17364542,17581206,17767253,18300845,19201195,20139807,20825860,21501321,22176593,22884399,23636527,24424056,25197840,26006559,26802659,27577878,28407448,28616515,28391607,28971036,30058206,31045366,32161424,33654842,35281989,36550059,37560535,38469627
Iraq,IRQ,Land area (sq. km),AG.LND.TOTL.K2,437370,437370,437370,437370,437370,437370,437370,437370,437370,437370,437370,437370,437370,437370,437370,437370,437370,437370,437370,437370,437370,434320,434320,434320,434320,434128,434128,434128,434128
Ireland,IRL,GDP (current US$),NY.GDP.MKTP.CD,37772896220.7559,39238392677.7542,49305632408.4929,49787501584.4847,55918538121.3989,52417477613.676,57097656065.96,69139823232.3232,75790786290.3226,82856648758.3572,90199410115.5097,98893958262.6438,100207610429.909,109346669229.695,128596035288.401,164670771259.602,194372115041.065,211876989655.907,232180617162.279,270079279419.5,275447471451.063,236443115853.695,221732824603.484,240975871046.644,226921827888.137,242924245718.756,266490442124.309,302101388556.271,305431252708.748
Ireland,IRL,"Population, total",SP.POP.TOTL,3524949,3511009,3513974,3534235,3558430,3576261,3590386,3608841,3637510,3674171,3712696,3754786,3805174,3866243,3931947,3996521,4070262,4159914,4273591,4398942,4489544,4535375,4560155,4580084,4599533,4623816,4657740,4701957,4762722
Ireland,IRL,Land area (sq. km),AG.LND.TOTL.K2,68890,68890,68890,68890,68890,68890,68890,68890,68890,68890,68890,68890,68890,68890,68890,68890,68890,68890,68890,68890,68890,68890,68890,68890,68890,68890,68890,68890,68890
Isle of Man,IMN,GDP (current US$),NY.GDP.MKTP.CD,584702952.685877,617619437.172775,761514559.659091,821507936.507937,854849069.84907,765647870.425915,833255280.073462,922269212.561149,1007205928.23713,1178261296.66012,1385124213.31567,1573742112.92671,1601050083.21985,1668684324.16871,1891002697.84173,2252620408.16327,2802206151.59282,3032411026.94919,3422733202.4501,4466350655.89909,5928791505.35144,5486921247.07323,5920369789.50182,6565667052.79737,6690228371.66909,7001175622.71266,7708454412.32126,7084800892.22284,6846377563.00683
Isle of Man,IMN,"Population, total",SP.POP.TOTL,66680,67790,68916,69808,70353,70772,71168,71513,72047,72909,73861,74790,75659,76476,77275,78049,78792,79516,80294,81147,82029,82939,83873,84382,84335,84141,83892,83593,83466
Isle of Man,IMN,Land area (sq. km),AG.LND.TOTL.K2,570,570,570,570,570,570,570,570,570,570,570,570,570,570,570,570,570,570,570,570,570,570,570,570,570,570,570,570,570
Israel,ISR,GDP (current US$),NY.GDP.MKTP.CD,52618458014.4117,52411116587.5339,61978459022.3391,70954941681.4027,79408652426.2417,79806598119.6297,90684108118.4773,105432315611.198,115051957577.467,119389303067.2,120468659245.809,121329240041.549,136409902631.643,134889159474.047,125215963105.239,131278887815.375,139925423025.435,147346035831.272,158706516001.616,184448882451.742,220952472408.027,213112649594.385,239372857534.485,267739352609.375,263172104090.976,298045324735.571,314376760832.047,302841190257.708,321083954798.337
Israel,ISR,"Population, total",SP.POP.TOTL,4442000,4518000,4660000,4949000,5123000,5261000,5399000,5545000,5692000,5836000,5971000,6125000,6289000,6439000,6570000,6689700,6809000,6930100,7053700,7180100,7308800,7485600,7623600,7765800,7910500,8059500,8215700,8380100,8546000
Israel,ISR,Land area (sq. km),AG.LND.TOTL.K2,21640,21640,21640,21640,21640,21640,21640,21640,21640,21640,21640,21640,21640,21640,21640,21640,21640,21640,21640,21640,21640,21640,21640,21640,21640,21640,21640,21640,21640
Italy,ITA,GDP (current US$),NY.GDP.MKTP.CD,893663934840.821,930801709003.669,1183945130898.51,1249092439519.28,1323204350353.5,1067412587670.73,1101750159702.21,1177369428265.78,1314776508972.27,1244988176443.84,1272729786996.77,1255004736463.98,1149661363439.38,1172041488805.87,1281746271196.04,1582930016538.82,1812808753294.75,1864982261286.85,1958563654385.64,2222524108127.65,2417508414187.19,2209484319012.65,2144936254535,2306974020278.21,2097929495121.68,2153225581941.46,2173255507985.84,1845428048839.1,1887111188176.93
Italy,ITA,"Population, total",SP.POP.TOTL,56629288,56671781,56719240,56758521,56797087,56831821,56843400,56844303,56860281,56890372,56906744,56916317,56942108,56976981,57089824,57399184,57828179,58166682,58399861,58756247,59211181,59555454,59819407,60026841,60191247,60311613,60320707,60229605,60115223
Italy,ITA,Land area (sq. km),AG.LND.TOTL.K2,294110,294110,294110,294110,294110,294110,294110,294110,294110,294110,294110,294110,295718,295718,295718,295718,295718,295718,295718,295718,295718,295718,295718,295718,295718,295718,295718,295718,295718
Jamaica,JAM,GDP (current US$),NY.GDP.MKTP.CD,3828342820.3494,4404937853.39452,4592208086.69235,4106207649.05547,3535460089.80719,5440075675.74067,5452558947.03045,6577520642.82297,7393891920.80358,8400041723.54861,8787195622.43502,8887057997.36228,9005064474.93003,9194727831.07318,9719009494.84779,9430234810.78586,10174664853.9476,11243865777.7131,11930179089.8855,12799600047.1845,13709401520.0326,12120458114.8318,13220549908.2494,14444661522.1463,14807086555.5283,14264205152.6126,13899217679.9219,14963589915.5912,14898999754.1229
Jamaica,JAM,"Population, total",SP.POP.TOTL,2345777,2361916,2379877,2400869,2424701,2449916,2475220,2500151,2524463,2547848,2569736,2589795,2607826,2624403,2640572,2656623,2672225,2687066,2700968,2713800,2725635,2736995,2748568,2760494,2772430,2783687,2793749,2802534,2809915
Jamaica,JAM,Land area (sq. km),AG.LND.TOTL.K2,10830,10830,10830,10830,10830,10830,10830,10830,10830,10830,10830,10830,10830,10830,10830,10830,10830,10830,10830,10830,10830,10830,10830,10830,10830,10830,10830,10830,10830
Japan,JPN,GDP (current US$),NY.GDP.MKTP.CD,3191546727316.14,3174934735895.64,3252994239867.4,3724887648862.31,4064529567505.43,4632480515091.13,5104063486348.4,5639649753985.77,5021441618840.38,4579780793431.57,4150359076370.48,4688983449627.24,5042381838343.44,4438792748062.4,4245946980572.3,4573413206709.02,4941485123806.53,4875648486366.14,4648058930707.24,4624670179654.96,5160197175876.43,5336765697589.29,5811578109447.07,6279422550218.7,6333803928787.76,5272297037396.96,4985763289560.81,4534438580494.94,5110357383254.44
Japan,JPN,"Population, total",SP.POP.TOTL,122578000,123069000,123478000,123964000,124425000,124829000,125178000,125472000,125757000,126057000,126400000,126631000,126843000,127149000,127445000,127718000,127761000,127773000,127854000,128001000,128063000,128047000,128070000,127833000,127629000,127445000,127276000,127141000,127076000
Japan,JPN,Land area (sq. km),AG.LND.TOTL.K2,364600,364600,364600,364600,364600,364600,364600,364600,364500,364500,364500,364500,364500,364500,364500,364500,364500,364500,364500,364500,364500,364500,364500,364500,364500,364500,364500,364500,364500
Jordan,JOR,GDP (current US$),NY.GDP.MKTP.CD,6277451829.05325,4221373673.80468,4160087507.83472,4344467193.25095,5310833193.59005,5606400221.69269,6236295978.24531,6727597031.96347,6927503526.09309,7245839210.15515,7912270803.94922,8149929478.13822,8460789844.8519,8975814652.8196,9582510578.27927,10195627644.5698,11411706629.055,12588998589.5628,15056981664.3159,17110437235.543,25651620830.6149,27462496197.1831,30202773521.1268,32640291549.2958,34854017887.3239,37873362957.7465,40535098591.5493,42394049295.7747,43688498732.3944
Jordan,JOR,"Population, total",SP.POP.TOTL,3193039,3349627,3621908,3915149,4127693,4348020,4561406,4752096,4912516,5046285,5164284,5276444,5386945,5498894,5616066,5741828,5882061,6029587,6427371,6827227,6989866,7141753,7297043,7480424,7587127,7991809,8791710,9544729,10006367
Jordan,JOR,Land area (sq. km),AG.LND.TOTL.K2,88240,88240,88240,88240,88240,88240,88240,88240,88240,88240,88240,88240,88240,88240,88240,88240,88240,88240,88240,88240,88240,88780,88780,88780,88780,88780,88780,88780,88780
Kazakhstan,KAZ,GDP (current US$),NY.GDP.MKTP.CD,..,..,26932016269.6107,24923076923.0769,24917355371.9008,23409260879.9427,21250792886.1054,20374302652.3819,21035357936.8796,22165932062.966,22135245507.3656,16870817181.7799,18291990662.0356,22152689179.8815,24636598527.4437,30833692900.1091,43151647002.6096,57123671733.8952,81003864630.018,104849915058.376,133441648851.982,115308686941.38,148047348240.643,192626464617.071,207998568865.789,236634603409.089,221415613595.469,184388404706.042,137278320084.171
Kazakhstan,KAZ,"Population, total",SP.POP.TOTL,16781168,16997013,17154054,17278600,17332625,17274487,17043771,16730536,16416027,16043251,15647785,15455874,15501103,15575550,15656677,15747380,15850159,15968117,16103716,16257214,16426525,16619846,16836810,17066002,17306106,17556502,17816285,18084169,18363600
Kazakhstan,KAZ,Land area (sq. km),AG.LND.TOTL.K2,..,..,..,..,2699700,2699700,2699700,2699700,2699700,2699700,2699700,2699700,2699700,2699700,2699700,2699700,2699700,2699700,2699700,2699700,2699700,2699700,2699700,2699700,2699700,2699700,2699700,2699700,2699700
Kenya,KEN,GDP (current US$),NY.GDP.MKTP.CD,8355380879.12955,8283114514.17081,8572359038.16958,8151488783.19064,8209120763.04955,5751786642.55871,7148148564.04239,9046320255.40507,12045865396.1323,13115764358.2846,14093998843.7334,12896010459.3711,12705350097.8044,12986007425.8781,13147736898.5176,14904517649.8476,16095337093.8366,18737895512.7378,25825512284.2891,31958195182.2406,35895153327.8497,42347217912.9176,45405615063.7551,46869473150.61,56396704671.5777,61671440407.8387,68285796514.2896,70120446896.8359,74815144163.8931
Kenya,KEN,"Population, total",SP.POP.TOTL,21356219,22118434,22892651,23646514,24382460,25117188,25857130,26601751,27344211,28101768,28888057,29733408,30642890,31619170,32629808,33652223,34713455,35796484,36904008,38036349,39206351,40408891,41598567,42758461,43888303,44986791,46051440,47088526,48139687
Kenya,KEN,Land area (sq. km),AG.LND.TOTL.K2,569140,569140,569140,569140,569140,569140,569140,569140,569140,569140,569140,569140,569140,569140,569140,569140,569140,569140,569140,569140,569140,569140,569140,569140,569140,569140,569140,571096.05,573052.1
Kiribati,KIR,GDP (current US$),NY.GDP.MKTP.CD,38278810.3176488,37645319.1994276,36534294.7991591,41247791.6364169,61491369.281929,58953595.9090414,67055333.9021503,68596394.6026524,81456854.1385109,80205806.8250976,74905705.8928477,77323978.1928449,74910527.2586758,64935850.1573877,74743869.1313473,96105619.3795504,104085892.133271,113895437.324786,112338353.264712,138054945.643442,147017894.97877,140177384.145395,165458433.127645,195970140.170383,207001545.867109,201730860.757856,200287281.98074,191559398.688293,206467818.503227
Kiribati,KIR,"Population, total",SP.POP.TOTL,71427,73147,74855,76367,77641,78841,80021,81234,82623,84147,85657,87126,88613,90335,92264,94175,96085,98035,100017,102068,104222,106467,108704,110647,112284,113838,115326,116815,118478
Kiribati,KIR,Land area (sq. km),AG.LND.TOTL.K2,810,810,810,810,810,810,810,810,810,810,810,810,810,810,810,810,810,810,810,810,810,810,810,810,810,810,810,810,810
"Korea, Dem. People's Rep.",PRK,GDP (current US$),NY.GDP.MKTP.CD,..,..,..,..,..,..,..,..,..,..,..,..,..,..,..,..,..,..,..,..,..,..,..,..,..,..,..,..,..
"Korea, Dem. People's Rep.",PRK,"Population, total",SP.POP.TOTL,20503161,20804367,21112137,21428638,21750911,22073352,22393975,22669304,22895746,23110830,23311564,23497599,23665910,23815358,23943973,24090380,24254943,24396433,24524507,24646383,24764618,24878332,24987258,25097874,25211728,25329451,25451262,25575350,25698326
"Korea, Dem. People's Rep.",PRK,Land area (sq. km),AG.LND.TOTL.K2,120410,120410,120410,120410,120410,120410,120410,120410,120410,120410,120410,120410,120410,120410,120410,120410,120410,120410,120410,120410,120410,120410,120410,120410,120410,120410,120410,120410,120410
"Korea, Rep.",KOR,GDP (current US$),NY.GDP.MKTP.CD,205477530605.222,254236243100.439,292064221388.988,340851946803.812,366921291824.719,405705302846.447,479181794216.859,586286469400.665,631196863758.281,589202526424.141,397297216492.19,515697079289.011,597487173479.109,567564806235.441,650014391470.21,728516494684.269,823251107638.814,971740329983.878,1095175538508.19,1220911904593.06,1091580692542.34,983065242417.36,1192830015737.68,1307103477219.1,1335343586437.67,1434669686501.84,1556252422020.44,1539212301135.55,1579150518945.44
"Korea, Rep.",KOR,"Population, total",SP.POP.TOTL,42031247,42449038,42869283,43295704,43747962,44194628,44641540,45092991,45524681,45953580,46286503,46616677,47008111,47370164,47644736,47892330,48082519,48184561,48438292,48683638,49054708,49307835,49554112,49936638,50199853,50428893,50746659,51014947,51217803
"Korea, Rep.",KOR,Land area (sq. km),AG.LND.TOTL.K2,96460,96460,96460,96460,96460,96460,96460,96460,96460,96460,96460,96460,96460,96740,96790,96800,96820,96850,96880,96920,96990,97060,97200,97190,97310,97426,97430,97445,97489
Kosovo,XKX,GDP (current US$),NY.GDP.MKTP.CD,..,..,..,..,..,..,..,..,..,..,..,..,..,..,..,..,..,..,..,..,5202943075.49453,5035779642.01679,5343950626.16668,6341614504.59145,6163483291.08047,6735327512.05178,7074392884.04507,6295845465.35898,6682674062.9615
Kosovo,XKX,"Population, total",SP.POP.TOTL,1917882,1946339,1973790,2005362,2039723,2072664,2105256,2137514,2168753,2197284,2078964,1871524,1802493,1820009,1829462,1826434,1822773,1818354,1813079,1807094,1800858,1794681,1788743,1791949,1807126,1818119,1812788,1788274,1777568
Kosovo,XKX,Land area (sq. km),AG.LND.TOTL.K2,..,..,..,..,..,..,..,..,..,..,..,..,..,..,..,..,..,..,..,..,..,..,..,..,..,..,..,..,..
Kuwait,KWT,GDP (current US$),NY.GDP.MKTP.CD,20690322152.8945,24313855653.3993,18427777777.7778,11009993703.1474,19858555214.7239,23941391390.7285,24848483838.3838,27186980646.5448,31492373308.7516,30350190704.4361,25943705784.2996,30122365849.2518,37718743480.0751,34889559869.8326,38135788413.8276,47874582231.588,59439090600.6108,80798630136.9863,101557330723.423,114634043361.692,147379737229.753,105968691905.415,115416245241.742,154039231245.856,174047662680.041,174168116534.844,162650450684.725,114585555688.511,109406674124.652
Kuwait,KWT,"Population, total",SP.POP.TOTL,2134707,2217468,1684819,1351399,1634961,1672151,1664361,1681513,1730246,1787683,1844302,1900030,1954709,2008121,2059974,2109881,2157320,2236788,2364733,2507887,2651421,2795484,2943372,3132814,3337109,3507844,3665876,3834574,4004096
Kuwait,KWT,Land area (sq. km),AG.LND.TOTL.K2,17820,17820,17820,17820,17820,17820,17820,17820,17820,17820,17820,17820,17820,17820,17820,17820,17820,17820,17820,17820,17820,17820,17820,17820,17820,17820,17820,17820,17820
Kyrgyz Republic,KGZ,GDP (current US$),NY.GDP.MKTP.CD,..,..,2660202622.91006,2542256424.35069,2315346942.855,2026019252.61241,1681780847.41091,1661147035.24388,1827570586.16784,1767864035.71943,1645963749.83146,1249061487.01457,1369688498.06778,1525116370.27939,1605643104.73021,1919008090.49641,2211534585.0034,2460246766.41401,2834168889.42019,3802570552.56105,5139958909.17936,4690061380.60253,4794361863.01353,6197765984.28468,6605142884.36215,7335033800.59056,7468102412.68237,6678177511.66313,6813095379.1187
Kyrgyz Republic,KGZ,"Population, total",SP.POP.TOTL,4218400,4307500,4391236,4463634,4515400,4516777,4515069,4560454,4628438,4696421,4769015,4840422,4898362,4945073,4990704,5043308,5104713,5162640,5218373,5268385,5318729,5389643,5467059,5546587,5652076,5777150,5905848,6040036,6175338
Kyrgyz Republic,KGZ,Land area (sq. km),AG.LND.TOTL.K2,..,..,..,..,191800,191800,191800,191800,191800,191800,191800,191800,191800,191800,191800,191800,191800,191800,191800,191800,191800,191800,191800,191800,191800,191800,191800,191800,191800
Lao PDR,LAO,GDP (current US$),NY.GDP.MKTP.CD,598961269.297879,714046821.093797,865559879.400406,1028087972.31085,1127806944.61513,1327748689.88094,1543606345.11684,1763536304.53964,1873671550.34636,1747011857.33107,1280177838.71905,1454430642.44959,1731198022.46763,1768619058.34647,1758176653.07746,2023324407.28414,2366398119.86321,2735558734.7379,3455030060.9785,4223152739.04052,5446433157.40114,5836137329.63305,7131771014.70456,8750104617.17303,10192846339.4029,11983252626.5452,13279245886.3854,14426380125.6488,15912501722.6143
Lao PDR,LAO,"Population, total",SP.POP.TOTL,4072601,4190974,4311955,4435118,4559646,4685060,4809220,4929409,5045678,5152011,5248266,5340784,5431212,5521482,5610889,5697945,5781626,5869523,5963200,6056236,6148969,6241642,6334194,6426590,6518978,6611385,6703172,6801645,6908802
Lao PDR,LAO,Land area (sq. km),AG.LND.TOTL.K2,230800,230800,230800,230800,230800,230800,230800,230800,230800,230800,230800,230800,230800,230800,230800,230800,230800,230800,230800,230800,230800,230800,230800,230800,230800,230800,230800,230800,230800
Late-demographic dividend,LTE,GDP (current US$),NY.GDP.MKTP.CD,1791259970340.58,1909761780618.13,1969512751971.04,1979786087178.22,2019093016960.17,2102175787620.46,2440367682872.9,3023905067447.71,3335133915921.74,3493738971286.24,3367800746254.92,3112522628017.8,3418913200754.6,3536187082458.8,3750348820903.15,4273780094502.46,5137669562692.03,6197282356458.66,7482372535432.29,9435731160311.88,11746008266260.5,11368249341334.8,13681203944217.6,16665376053801.4,17836299691343.4,19233517996185.8,19998109363135.1,18797219516598.6,18841938118214.3
Late-demographic dividend,LTE,"Population, total",SP.POP.TOTL,1793220326,1819952808,1844718134,1868272190,1890820460,1912010271,1932650915,1952702058,1972254664,1991505992,2010169496,2027628907,2043581322,2058600486,2072599555,2086139068,2099412663,2112603351,2126122277,2139958608,2153941306,2167303374,2179525352,2193171336,2209319631,2225005187,2241122152,2256126712,2270841806
Late-demographic dividend,LTE,Land area (sq. km),AG.LND.TOTL.K2,24766970.742,24765980.742,24765980.742,24766090.742,44391634.742,44436044.742,44431234.742,44428244.742,44427844.742,44428534.742,44431109.742,44437932.742,44416123.742,44415246.942,44415380.168,44422250.758,44422418.519,44425322.891,44525522.493,44524986.893,44524344.887,44524430.134,44524774.418,44524759.947,44524782.947,44525435.383,44523855.681,44523055.16,44523667.16
Latin America & Caribbean,LCN,GDP (current US$),NY.GDP.MKTP.CD,900611854996.12,994556600083.401,1101649853839.62,1189339213608.07,1299092404987.06,1537127525768.22,1795771702366.86,1942345373687.39,2100954032184.01,2303665490980.34,2331974611876.79,2107674024426.62,2326960808219.85,2282616598586.76,2052785896654.39,2091901149499.75,2405470324871.32,2903225604297.7,3397326624081.07,3998763226331.27,4644092806762.82,4357538710237.47,5397655976518.39,6139314989246.27,6201531036318.3,6252125316234.8,6218059801942.29,5289417937086.3,5148783766945.08
Latin America & Caribbean,LCN,"Population, total",SP.POP.TOTL,424525590,432726590,440958144,449128999,457245250,465325731,473328616,481309028,489235073,497097004,504952583,512730984,520272118,527572583,534691591,541643365,548455563,555120780,561751999,568345245,574908733,581388129,587752505,594086829,600420316,606683307,612849401,618868462,624737786
Latin America & Caribbean,LCN,Land area (sq. km),AG.LND.TOTL.K2,20075199.61,20075199.61,20075199.61,20075199.61,20075199.61,20075199.61,20075199.61,20075199.61,20075199.61,20075199.61,20046719.61,20046719.61,20046719.61,20046719.61,20045709.61,20045719.61,20045729.61,20045759.61,20045749.61,20045759.61,20045759.61,20045759.61,20045759.61,20046710.61,20046496.61,20044067.61,20041798.37,20041878.37,20042422.37
Latin America & Caribbean (excluding high income),LAC,GDP (current US$),NY.GDP.MKTP.CD,814617749319.266,901175365388.432,999200488031.118,1075681682296.71,1170076247284.33,1397935427602.19,1640307476521.95,1762996031341.83,1911521633510.2,2094953882737.27,2116252056667.96,1893935164371.06,2103632373622.86,2058411677043.06,1833442255112.44,1860329009941.51,2137560387892.79,2596008248707.13,3041888570283.16,3605106967513.88,4216556735122.36,3942282553724.13,4911947255842.05,5594126981026.73,5622404703958.77,5644127674357.65,5620010717338.88,4703989762871.3,4551782151517.8
Latin America & Caribbean (excluding high income),LAC,"Population, total",SP.POP.TOTL,396637679,404429908,412240357,419987984,427679842,435329971,442904735,450462160,457961655,465414409,472884494,480290143,487480396,494443065,501234679,507870430,514373324,520792375,527135313,533442703,539713061,545898245,551960581,558007918,564057086,570030910,575915671,581649117,587206002
Latin America & Caribbean (excluding high income),LAC,Land area (sq. km),AG.LND.TOTL.K2,18807387.61,18807387.61,18807387.61,18807387.61,18807387.61,18807387.61,18807387.61,18807387.61,18807387.61,18807387.61,18778907.61,18778907.61,18778907.61,18778907.61,18777897.61,18777907.61,18777917.61,18777947.61,18777937.61,18777947.61,18777947.61,18777947.61,18777947.61,18778370.61,18778156.61,18775727.61,18775527.61,18775607.61,18775547.61
Latin America & the Caribbean (IDA & IBRD countries),TLA,GDP (current US$),NY.GDP.MKTP.CD,839372117493.825,931218807729.826,1033600786045.64,1123495935430.92,1232566922623.74,1466869007644.58,1715191251553.97,1855934080188.14,2016321456860.39,2212066943070.45,2233346783882.49,2002746450823.54,2214459331301.87,2161359793667.25,1927322088503.17,1960517237957,2264876337798.89,2752003834143.61,3234927436484.26,3826960106951.6,4465814394726.48,4176789652249.38,5212372072821.22,5942123318729.2,5998234101785.24,6044199922527.12,6005472855928.78,5068412682233.61,4922127744500.54
Latin America & the Caribbean (IDA & IBRD countries),TLA,"Population, total",SP.POP.TOTL,409945610,418004229,426091608,434138780,442150885,450131381,458042874,465939463,473775482,481555614,489346270,497065139,504556065,511809816,518881965,525787222,532556401,539188798,545805913,552399650,558968822,565454932,571822092,578171855,584524334,590809938,597023419,603091701,609017063
Latin America & the Caribbean (IDA & IBRD countries),TLA,Land area (sq. km),AG.LND.TOTL.K2,19947049.61,19947049.61,19947049.61,19947049.61,19947049.61,19947049.61,19947049.61,19947049.61,19947049.61,19947049.61,19918569.61,19918569.61,19918569.61,19918569.61,19918569.61,19918569.61,19918569.61,19918569.61,19918569.61,19918569.61,19918569.61,19918569.61,19918569.61,19918569.61,19918569.61,19918569.61,19916500.37,19916500.37,19917104.37
Latvia,LVA,GDP (current US$),NY.GDP.MKTP.CD,..,..,..,..,..,..,..,5608208784.9401,5799465288.41246,6349481006.53278,6974112951.26891,7324192889.74297,7761252607.18424,8190888739.6463,9249030241.01864,11244337719.8377,13827070378.5612,16306935905.4138,20434922247.3037,29420499247.7089,34135200994.0067,25691530442.035,23468324572.3343,26575547900.8247,27116149948.6683,29152128167.8438,30277203767.4058,26344565876.8902,27117105059.5075
Latvia,LVA,"Population, total",SP.POP.TOTL,2653434,2666955,2663151,2650581,2614338,2563290,2520742,2485056,2457222,2432851,2410019,2390482,2367550,2337170,2310173,2287955,2263122,2238799,2218357,2200325,2177322,2141669,2097555,2059709,2034319,2012647,1993782,1977527,1959537
Latvia,LVA,Land area (sq. km),AG.LND.TOTL.K2,..,..,..,..,62227,62227,62227,62227,62227,62227,62227,62227,62227,62227,62227,62227,62227,62227,62227,62227,62227,62227,62227,62227,62227,62227,62227,62227,62227
Least developed countries: UN classification,LDC,GDP (current US$),NY.GDP.MKTP.CD,156208936078.368,167639250652.653,192676976334.589,208818016297.993,165223219907.404,171011303885.524,167739564145.742,172091208742.033,181565021318.739,189340363935.107,192210596421.967,197805574800.587,224564439988.97,216586451093.645,238997145476.315,270939943315.867,311792443178.112,370634107574.804,430668720015.575,517201448591.583,635498688012.848,628091006955.253,711177667873.134,810040727729.598,849501067175.473,924587754781.973,993293176451.796,945963113669.267,953366743642.222
Least developed countries: UN classification,LDC,"Population, total",SP.POP.TOTL,494131962,506714983,519409097,532302593,546604195,562170402,577710180,593309261,609120975,624981579,641091745,657282408,673273787,689505567,706880665,724713713,742302769,760310134,778789026,797076099,815835455,835266189,854941316,875269186,896237933,917783039,939749332,961916563,984757534
Least developed countries: UN classification,LDC,Land area (sq. km),AG.LND.TOTL.K2,16609041,16609041,16609041,16609041,16609041,17710041,17710041,17710041,17710041,17710041,17710041,17710041,17710391,17710391,17710391,17710391,17858850.925,17858836.126,17858938.231,17859034.806,17858786.794,17858809.192,17859457.103,17859770.089,20359560.22,20359452.378,20359405.485,20359459.175,20359166.959
Lebanon,LBN,GDP (current US$),NY.GDP.MKTP.CD,3313540067.93246,2717998687.71002,2838485353.96187,4690415092.53663,5843579160.90122,7941744492.23595,9599127050.17558,11718795528.5556,13690217333.5879,15751867489.4446,17247179005.5219,17391056369.2265,17260364842.4544,17649751243.7811,19152238805.9701,20082918739.6352,21159827992.0398,21497336498.8391,22022709851.4096,24827355014.9254,29118916105.4726,35399582928.6899,38443907042.1227,39927125961.5257,44016799515.7546,46880103080.597,48095213746.6003,49929337836.8159,51147308774.1294
Lebanon,LBN,"Population, total",SP.POP.TOTL,3454649,3525285,3595175,3668912,3747371,3820647,3889799,3960735,4034781,4108405,4181281,4255277,4329340,4401918,4463504,4525508,4599279,4671102,4751136,4844118,4925354,4992287,5041288,5096020,5235742,5743436,6346990,6472469,6323060
Lebanon,LBN,Land area (sq. km),AG.LND.TOTL.K2,10230,10230,10230,10230,10230,10230,10230,10230,10230,10230,10230,10230,10230,10230,10230,10230,10230,10230,10230,10230,10230,10230,10230,10230,10230,10230,10230,10230,10230
Lesotho,LSO,GDP (current US$),NY.GDP.MKTP.CD,470395800.600668,495409232.627579,596410263.743849,704325366.718393,831029861.704746,835582062.476169,878250945.280469,1001894000.27846,946112492.844847,998004258.715675,928460893.108965,912773681.050642,887291687.920796,825706961.238689,775777238.55814,1157825434.78971,1511236655.52047,1682343527.49221,1800092563.75462,1682131784.51365,1766902709.19935,1740894964.80511,2234754241.91918,2579409619.96722,2477702216.26888,2367112931.642,2441063054.05792,2359686724.53829,2114426452.2019
Lesotho,LSO,"Population, total",SP.POP.TOTL,1739841,1775436,1809696,1842379,1873274,1901793,1927707,1951437,1972418,1988130,1998049,2003234,2003913,2000853,1994679,1985059,1971129,1953076,1945063,1953268,1966541,1980883,1996251,2014009,2034354,2056504,2080089,2104611,2130422
Lesotho,LSO,Land area (sq. km),AG.LND.TOTL.K2,30360,30360,30360,30360,30360,30360,30360,30360,30360,30360,30360,30360,30360,30360,30360,30360,30360,30360,30360,30360,30360,30360,30360,30360,30360,30360,30360,30360,30360
Liberia,LBR,GDP (current US$),NY.GDP.MKTP.CD,1038300000,786300000,384400000,348000000,223500000,160400000,132200000,134800000,159400000,295900000,359600000,441800000,874000000,906000000,927000000,748000000,897000000,949000000,1119000000,1373000000,1726000000,1768000000,1998000000,2398000000,2791614000,3177198100,3225652000,3227075700,3398419600
Liberia,LBR,"Population, total",SP.POP.TOTL,2446941,2517858,2223667,1956518,2072461,2155126,2149928,2169162,2232289,2412989,2670124,2821684,2928117,3015338,3094782,3119532,3156892,3301015,3490787,3669050,3821003,3943028,4058890,4221178,4373043,4470239,4564293,4659431,4755608
Liberia,LBR,Land area (sq. km),AG.LND.TOTL.K2,96320,96320,96320,96320,96320,96320,96320,96320,96320,96320,96320,96320,96320,96320,96320,96320,96320,96320,96320,96320,96320,96320,96320,96320,96320,96320,96320,96320,96320
Libya,LBY,GDP (current US$),NY.GDP.MKTP.CD,24308959591.195,25156707899.1462,28904183602.4818,31991821264.7118,33887047909.2746,30660051910.5037,28610549763.4685,25541379186.6458,27884615384.6154,30700897874.8704,27251301398.2813,35975860857.1164,38270954138.1128,34112093927.254,20481889763.7795,26265625000,33122307692.3077,47334691241.4924,60094231606.642,68032978390.6007,86710767415.1371,60808562033.4191,75380825062.4216,48169263294.1007,92540938129.1315,75351107029.0605,57372355592.022,48717501321.3052,49912073701.298
Libya,LBY,"Population, total",SP.POP.TOTL,4237755,4342920,4445239,4544400,4640352,4733045,4822037,4906843,4987393,5064639,5140704,5218038,5305021,5403639,5508410,5619398,5736693,5858798,5980211,6104380,6235430,6366686,6497839,6343203,6179328,6304628,6427252,6531819,6632126
Libya,LBY,Land area (sq. km),AG.LND.TOTL.K2,1759540,1759540,1759540,1759540,1759540,1759540,1759540,1759540,1759540,1759540,1759540,1759540,1759540,1759540,1759540,1759540,1759540,1759540,1759540,1759540,1759540,1759540,1759540,1759540,1759540,1759540,1759540,1759540,1759540
Liechtenstein,LIE,GDP (current US$),NY.GDP.MKTP.CD,1161757671.01756,1119983801.21338,1421509216.37424,1484160302.14952,1631177029.45063,1673085244.6879,1948129622.75132,2428525060.69927,2504012993.42238,2298389802.88883,2479699106.02264,2664105901.18863,2483889858.32312,2491800558.77674,2688618747.38148,3070803051.42164,3454373797.74442,3659319116.88057,4000102086.14635,4601429897.21468,5081479840.08716,4504375348.07038,5082337238.44718,5739706004.89616,5456102482.28614,6391708310.67727,6657526979.72277,6268515276.17441,6237302033.50132
Liechtenstein,LIE,"Population, total",SP.POP.TOTL,27948,28317,28742,29209,29627,30089,30470,30776,31033,31232,31668,32221,32645,33194,33694,34079,34447,34753,35037,35262,35473,35742,36022,36312,36657,36984,37248,37494,37716
Liechtenstein,LIE,Land area (sq. km),AG.LND.TOTL.K2,160,160,160,160,160,160,160,160,160,160,160,160,160,160,160,160,160,160,160,160,160,160,160,160,160,160,160,160,160
Lithuania,LTU,GDP (current US$),NY.GDP.MKTP.CD,..,..,..,..,..,..,..,7921210339.58439,8430207164.43677,10168271903.3233,11289161847.2162,11022095813.552,11550695727.2335,12260761329.3051,14282292664.6004,18809197969.5431,22743164431.1972,26105207115.3129,30116192746.8942,39729151614.6689,47831254207.5223,37494380038.9213,36638128534.0643,43186501862.7907,42709372066.8627,46303660422.0434,48306546656.9281,41540954817.2039,42970749245.0336
Lithuania,LTU,"Population, total",SP.POP.TOTL,3655049,3684255,3697838,3704134,3700114,3682613,3657144,3629102,3601613,3575137,3549331,3524238,3499536,3470818,3443067,3415213,3377075,3322528,3269909,3231294,3198231,3162916,3097282,3028115,2989139,2961250,2937253,2911109,2877325
Lithuania,LTU,Land area (sq. km),AG.LND.TOTL.K2,..,..,..,..,62680,62680,62680,62680,62680,62680,62680,62680,62680,62680,62680,62680,62680,62680,62680,62680,62675,62675,62675,62674,62674,62675,62650,62650,62642
Low & middle income,LMY,GDP (current US$),NY.GDP.MKTP.CD,2720912074684.17,2895004151541.65,3318762167936.1,3236623796985.26,3396912933459.96,3668066247500.34,4101804124809.34,4763797923692.99,5273504290076.19,5609087530584.24,5514938515915.04,5319459832732.67,5796667553560.29,5812896698083.06,5897424611643.27,6582329229105.78,7738117921917.97,9153616469906.55,10792069669288.7,13261896828487,15800077993602.7,15860983059370.4,19281238913053.9,22556775919423.3,24026419350635.8,25380075062402.9,26519136607008.2,25659752659960.1,25917599955464.9
Low & middle income,LMY,"Population, total",SP.POP.TOTL,3950371125,4032611966,4116772079,4197582653,4277557740,4357137200,4435669010,4514148949,4593154555,4672049917,4750833060,4828702462,4905832166,4982645927,5058611691,5134151809,5210186432,5286284172,5362644527,5438471388,5515409827,5593414145,5672202320,5752146479,5834053766,5915255859,5996036961,6075072158,6153938165
Low & middle income,LMY,Land area (sq. km),AG.LND.TOTL.K2,69089690.352,69089690.352,69089690.352,69090570.352,74090315.352,75191359.352,75184412.352,75184382.352,75184358.352,75184349.352,75155708.352,75155317.352,75217634.352,75217599.552,75216037.778,75222611.368,75369131.054,75371964.627,75476028.334,75475800.309,75475764.291,75473205.936,75474148.131,75474727.646,77974466.777,77971308.371,77970290.016,77976398.235,77978040.069
Low income,LIC,GDP (current US$),NY.GDP.MKTP.CD,98170293618.6305,106072089225.183,130008414338.766,145715712930.095,100945256139.661,109272170084.919,102325546112.154,94452790502.8518,91310974727.4626,97274657552.7563,98416782769.2642,98986835503.7137,122203639629.587,115323086245.482,127077820421.815,141515501992.004,165698854252.873,201372545813.498,235083355833.613,286238241795.772,345469916683.01,340799376713.82,378234341638.98,408858086328.04,387925022036.357,399956089212.417,427247749546.785,417830631224.268,380272235825.794
Low income,LIC,"Population, total",SP.POP.TOTL,274037671,281516990,288949479,296537361,305437236,315389686,324897112,334295649,344222271,354096506,364220998,374700262,384939694,395479907,407257571,419524938,431686343,444311036,457733823,471363220,485037568,499033157,513321520,527892250,542350920,556241191,570113927,584512207,600009187
Low income,LIC,Land area (sq. km),AG.LND.TOTL.K2,10940550,10940550,10940550,10940550,10940550,12041550,12041550,12041550,12041550,12041550,12041550,12041550,12041550,12041550,12041550,12041360,12189919.925,12189965.126,12190017.231,12190073.806,12190035.794,12190068.192,12190746.103,12191029.089,14690959.22,14690921.378,14690874.485,14690928.175,14690935.959
Lower middle income,LMC,GDP (current US$),NY.GDP.MKTP.CD,675495156590.817,660255069033.829,721910019834.08,689678234468.644,717599213403.021,719285658478.117,794411575675.101,953925113710.086,1071405880808.56,1139706610045.24,1188551537539.27,1087669057162.89,1168026472636.36,1189234070721.23,1218227151795.64,1371240293091.28,1601536204477.44,1857675291024.68,2188218204062.24,2690340761555.45,3006800915389.12,3146680477433.43,3765319017000.1,4069210235189.76,4311221048677.68,4407901770081.6,4703810033139.31,4583309433434.87,4746990113057.58
Lower middle income,LMC,"Population, total",SP.POP.TOTL,1510076601,1546984766,1586741428,1624739978,1662376396,1700209813,1738446718,1777225375,1816214193,1855458321,1894943125,1934354545,1974298738,2014775934,2054637039,2094151717,2134083088,2173648512,2213010272,2252804798,2292423648,2332514413,2373327552,2414186781,2454758533,2495192785,2535128764,2573897309,2612496538
Lower middle income,LMC,Land area (sq. km),AG.LND.TOTL.K2,18107394,18107394,18107394,18107394,18864554,18864554,18857631,18857631,18857631,18857631,18857631,18857631,18868546,18868492,18868492,18868458,18866631,18866567,18866678,18866862,18866635,18866603,18866510,18866457,18866308,18866227,18865053,18871824.05,18873498.1
Luxembourg,LUX,GDP (current US$),NY.GDP.MKTP.CD,9418167855.18376,10037674037.674,12778792853.6939,13834219728.293,15518702634.8808,15925521222.0149,17701798890.7644,20853093869.7318,20895314657.9805,19563836265.2233,20150055567.904,21899317598.8414,21230200537.942,21387550720.1937,23649832386.5918,29667268248.1305,35064843792.8993,37672311222.7362,42910153829.6576,51587401415.7872,58844277701.5258,54467289897.5582,56213985987.4168,61696281326.2453,59776383527.3602,65203276466.9763,68804814554.646,60071584216.1375,62216885435.9488
Luxembourg,LUX,"Population, total",SP.POP.TOTL,373450,377100,381850,387000,392175,397475,402925,408625,414225,419450,424700,430475,436300,441525,446175,451630,458095,465158,472637,479993,488650,497783,506953,518347,530946,543360,556319,569604,582014
Luxembourg,LUX,Land area (sq. km),AG.LND.TOTL.K2,..,..,..,..,..,..,..,..,..,..,..,..,2574.46,2574.46,2574.46,2574.46,2574.46,2574.46,2574.46,2574.46,2574.46,2574.46,2574.46,2574.46,2574.46,2574.46,2574.46,2574.46,2574.46
"Macao SAR, China",MAC,GDP (current US$),NY.GDP.MKTP.CD,2288761822.51257,2705665492.01675,3246481233.24397,3765249711.09098,4914365189.04984,5665606114.80317,6311207779.92441,7046147736.91671,7176892950.39164,7267570892.70211,6796914861.6572,6547169929.36554,6773944355.1502,6860272608.45211,7371692774.43404,8246479565.94248,10643253553.184,12160056122.3757,14874098691.9082,18439981612.4086,21027018332.6663,21589540350.7115,28244172833.6035,36848881944.6939,43193350975.6862,51559125350.236,54930501310.2956,44940613353.1038,44964868323.7558
"Macao SAR, China",MAC,"Population, total",SP.POP.TOTL,316000,325100,334950,351650,370900,384000,396800,409300,415100,417300,422300,427400,430600,433900,438400,443600,454700,473500,498900,520900,540700,535000,537000,549600,567900,591900,621700,642900,652500
"Macao SAR, China",MAC,Land area (sq. km),AG.LND.TOTL.K2,20,20,20,20,20,20,20,20,20,20,20,20,20,26,27,27,28,28,28.6,29.2,29.2,29.5,29.7,29.9,29.9,30.3,30.3,30.4,30.5
Madagascar,MDG,GDP (current US$),NY.GDP.MKTP.CD,3189456965.0482,3175638332.64471,3931334875.01376,3254713056.02171,3714966678.33381,4063298919.2868,3522227092.22839,3838100903.74974,4931861038.70763,4262965419.74998,4401967632.73718,4277903780.29131,4629247203.84524,5438332601.90798,5351701663.40807,6372498889.66585,5064732626.29389,5859269752.61332,6395712490.94304,8524620889.57747,10725137723.6549,9616879409.43789,9982711338.07029,11551819617.874,11578975061.9479,12423555455.3853,12522957399.2281,11323020701.3017,11848613858.442
Madagascar,MDG,"Population, total",SP.POP.TOTL,11369462,11704998,12055639,12421412,12800870,13197345,13613850,14051275,14510711,14990814,15489364,16000506,16516338,17032939,17549913,18071854,18606608,19159707,19730909,20318583,20923840,21547280,22183340,22822300,23462438,24109290,24764348,25426702,26099952
Madagascar,MDG,Land area (sq. km),AG.LND.TOTL.K2,581540,581540,581540,581540,581540,581540,581540,581540,581540,581540,581540,581540,581540,581540,581540,581540,581540,581540,581540,581540,581540,581540,581540,581795,581795,581800,581800,581800,581800
Malawi,MWI,GDP (current US$),NY.GDP.MKTP.CD,2008189508.37875,2314205129.58032,2737087861.62245,3206783830.41779,2618837835.02508,3013392657.99911,1719864761.30628,2033701497.97085,3319573749.6119,3875785863.38323,2547609590.06984,2584478924.06081,2537307580.32808,2498008664.6691,5087328437.8737,4669789300.35662,5058726350.48896,5320409651.47544,5818279739.14354,6451210219.11683,7743617352.21427,9009887946.82039,10128323010.6049,11648142958.3651,8773203178.16512,8031571927.62055,8801326169.14547,9219474379.31534,7909868618.46366
Malawi,MWI,"Population, total",SP.POP.TOTL,8753262,9176220,9545852,9844227,10135079,10284024,10164894,10150117,10352228,10562035,10792876,11047804,11315942,11593058,11880440,12181574,12500737,12840031,13198701,13576343,13976417,14395788,14826463,15265022,15709577,16161816,16621538,17085587,17557739
Malawi,MWI,Land area (sq. km),AG.LND.TOTL.K2,94280,94280,94280,94280,94280,94280,94280,94280,94280,94280,94280,94280,94280,94280,94280,94280,94280,94280,94280,94280,94280,94280,94280,94280,94280,94280,94280,94280,94280
Malaysia,MYS,GDP (current US$),NY.GDP.MKTP.CD,35272109220.1988,38847965292.9185,44024585239.6137,49143148094.2683,59167550162.956,66894966968.9736,74478356957.7808,88705342902.7113,100855393910.486,100005323301.867,72167498980.8398,79148421052.6316,93789736842.1053,92783947368.4211,100845526315.789,110202368421.053,124749473684.211,143534405818.501,162692258307.056,193549569477.733,230811614370.384,202257453036.641,255017638455.59,297951668674.835,314443047642.111,323276235524.415,338066095097.254,301355266964.947,301256033870.334
Malaysia,MYS,"Population, total",SP.POP.TOTL,16796605,17314997,17833171,18342464,18834572,19322664,19820446,20330599,20850087,21375218,21906713,22435531,22967816,23526538,24102477,24679602,25256772,25836071,26417909,26998389,27570059,28124778,28655776,29162039,29662831,30174265,30696137,31232798,31789685
Malaysia,MYS,Land area (sq. km),AG.LND.TOTL.K2,328550,328550,328550,328550,328550,328550,328550,328550,328550,328550,328550,328550,328550,328550,328550,328550,328550,328550,328550,328550,328550,328550,328550,328550,328550,328550,328550,328550,328550
Maldives,MDV,GDP (current US$),NY.GDP.MKTP.CD,168514513.375071,189514434.244,215043969.849246,244396761.92334,284875809.039634,322417837.161971,356014932.136461,398988954.970263,450382327.952421,508223602.378929,540096397.621071,589239753.610875,624337145.284622,870031676.798793,897031250,1052121054.6875,1226829562.5,1163362437.5,1575200390.625,1868383460.9375,2271646187.5,2345294875,2588176054.6875,2774350240.04918,2886163997.20531,3295009237.50107,3697353039.20043,4129505319.12921,4409942623.85538
Maldives,MDV,"Population, total",SP.POP.TOTL,210885,217738,224762,231802,238543,244884,250822,256649,262347,267707,272723,277412,282019,286767,291616,296491,301413,306429,313851,324479,336170,348275,360792,373674,386818,400070,413617,428154,443308
Maldives,MDV,Land area (sq. km),AG.LND.TOTL.K2,300,300,300,300,300,300,300,300,300,300,300,300,300,300,300,300,300,300,300,300,300,300,300,300,300,300,300,300,300
Mali,MLI,GDP (current US$),NY.GDP.MKTP.CD,2712207900.69838,2824822489.24628,3248417790.51435,3576562681.77395,3680775036.92681,3632801877.04464,2655768635.64569,3373322735.47027,3743103419.72181,3414879485.57287,3894433432.46149,4091446054.14913,3521570875.85064,4124281593.68874,4647238256.56563,5605613011.29141,6485774930.41503,7429066951.56583,8212007553.99393,9699047442.57905,11462490840.2195,12155217832.8039,12710739159.5014,15452791788.9356,14795114602.6122,15747192680.9971,17081681993.2577,15583181170.4105,16743796799.8329
Mali,MLI,"Population, total",SP.POP.TOTL,8833996,8999938,9178830,9362888,9553540,9754786,9967031,10185365,10407278,10646495,10919573,11227415,11559290,11912158,12288050,12684955,13102409,13538647,13990139,14457775,14940782,15435539,15945198,16469049,16957033,17459615,18020267,18593022,19191289
Mali,MLI,Land area (sq. km),AG.LND.TOTL.K2,1220190,1220190,1220190,1220190,1220190,1220190,1220190,1220190,1220190,1220190,1220190,1220190,1220190,1220190,1220190,1220190,1220190,1220190,1220190,1220190,1220190,1220190,1220190,1220190,1220190,1220190,1220190,1220190,1220190
Malta,MLT,GDP (current US$),NY.GDP.MKTP.CD,2019503068.03393,2118655676.67649,2547328747.50761,2750216746.88426,3021942758.83978,2709193538.42526,2998505428.14593,3709396089.03632,3822547151.38465,3787023654.73234,4010111651.76761,4111857836.40036,4036809766.6603,4070867153.47963,4455127397.86786,5418315225.49353,6104141501.07928,6393234964.93061,6749838861.63176,7908412373.84313,9172399572.85742,8769897418.38144,9097044301.48168,9789363086.07492,9609530618.89688,10796780874.0524,11888029751.5962,11340789705.8045,12025777078.0922
Malta,MLT,"Population, total",SP.POP.TOTL,347325,350722,354170,363845,367618,371308,374797,377419,379905,382791,385287,387578,390087,393028,395969,398582,401268,403834,405308,406724,409379,412477,414508,416268,420028,424810,433481,444220,454505
Malta,MLT,Land area (sq. km),AG.LND.TOTL.K2,320,320,320,320,320,320,320,320,320,320,320,320,320,320,320,320,320,320,320,320,320,320,320,320,320,320,320,320,320
Marshall Islands,MHL,GDP (current US$),NY.GDP.MKTP.CD,70688000,72798000,78476000,82507000,91063000,99461000,108071000,120230000,110858000,109884700,112070100,113352100,114838500,122406100,131960000,131128500,132900000,138000000,143200000,150500000,146600000,151200000,161100000,172300000,180700000,186400000,186000000,183700000,201800000
Marshall Islands,MHL,"Population, total",SP.POP.TOTL,42321,43586,44629,45568,46388,47093,47712,48266,48775,49259,49717,50202,50706,51123,51425,51639,51791,51906,51992,52035,52030,52019,52044,51907,51419,50681,49796,48800,47709
Marshall Islands,MHL,Land area (sq. km),AG.LND.TOTL.K2,..,..,..,180,180,180,180,180,180,180,180,180,180,180,180,180,180,180,180,180,180,180,180,180,180,180,180,180,180
Mauritania,MRT,GDP (current US$),NY.GDP.MKTP.CD,1414951290.06682,1450647019.18099,1506914407.82047,2133692696.74857,2164298425.48412,1847353211.3475,1944876755.00708,2091726101.43014,2132087009.28942,2071996564.05296,2032347664.94993,1985922775.53351,1779520886.47015,1746063557.61355,1777057481.26043,2051147606.73687,2362501023.24249,2936019525.60241,3919577285.92703,4346212355.02975,5206437193.80413,4714595547.75102,5628878797.98257,6764627745.9033,6728208836.22143,7230646063.35983,6615483550.17817,6182303676.55144,6407900701.25829
Mauritania,MRT,"Population, total",SP.POP.TOTL,1855859,1903048,1951878,2009738,2088135,2174328,2249454,2312017,2358188,2411306,2474651,2541698,2613441,2678760,2738655,2802046,2868664,2939059,3013660,3093059,3183269,3284448,3390965,3502811,3619034,3734318,3848514,3965959,4086657
Mauritania,MRT,Land area (sq. km),AG.LND.TOTL.K2,1030700,1030700,1030700,1030700,1030700,1030700,1030700,1030700,1030700,1030700,1030700,1030700,1030700,1030700,1030700,1030700,1030700,1030700,1030700,1030700,1030700,1030700,1030700,1030700,1030700,1030700,1030700,1030700,1030700
Mauritius,MUS,GDP (current US$),NY.GDP.MKTP.CD,2163252449.13108,2211312823.20576,2689212760.18576,2895354736.18332,3267677814.23984,3307302125.87528,3606050873.0139,4094741652.30048,4481489761.54368,4243755307.55239,4225813976.36359,4402193195.46945,4726108622.47661,4675755867.17657,4906494249.38255,5894873919.74797,6667418752.07307,6576108447.47531,7137710412.93687,8277474849.95045,10127741914.5324,9264482255.83389,10144716154.9356,11677718382.4259,11832323837.1071,12434596541.2996,13230490081.5656,12162211503.0793,12757680846.5663
Mauritius,MUS,"Population, total",SP.POP.TOTL,1043239,1051260,1058775,1070266,1084441,1097374,1112846,1122457,1133996,1148284,1160421,1175267,1186873,1196287,1204621,1213370,1221003,1228254,1233996,1239630,1244121,1247429,1250400,1252404,1255882,1258927,1261208,1262879,1263747
Mauritius,MUS,Land area (sq. km),AG.LND.TOTL.K2,2030,2030,2030,2030,2030,2030,2030,2030,2030,2030,2030,2030,2030,2030,2030,2030,2030,2030,2030,2030,2030,2030,2030,1997,1997,1997,1997,1997,1997
Mexico,MEX,GDP (current US$),NY.GDP.MKTP.CD,181611150496.787,221403098266.77,261253675692.838,313139656145.745,363157832923.734,530160763662.543,553618247900.74,380157469866.849,432157945024.428,523449530464.257,557461102630.658,631249359702.389,742061329749.127,796064590549.136,810666116401.915,765549967888.647,819459227375.022,917571853437.344,1020265057882.01,1102355554880.44,1161553459984.65,943437414950.633,1105424238651.95,1229013703416.76,1255110424741.85,1327436290439.27,1364507717689.36,1213294467653.78,1112233497452.7
Mexico,MEX,"Population, total",SP.POP.TOTL,79695531,81247182,82820170,84430572,86044809,87653807,89259205,90862455,92452702,94021207,95575245,97115707,98625552,100099099,101548624,102978515,104394131,105811504,107253666,108774360,110374288,111999721,113623895,115243504,116818208,118343573,119784261,121072306,122251351
Mexico,MEX,Land area (sq. km),AG.LND.TOTL.K2,1943950,1943950,1943950,1943950,1943950,1943950,1943950,1943950,1943950,1943950,1943950,1943950,1943950,1943950,1943950,1943950,1943950,1943950,1943950,1943950,1943950,1943950,1943950,1943950,1943950,1943950,1943950,1943950,1943950
"Micronesia, Fed. Sts.",FSM,GDP (current US$),NY.GDP.MKTP.CD,124700000,135200000,147200000,166200000,178100000,198400000,202500000,219930000,216546000,204397200,216520600,217198900,229616800,236387700,237654300,240949900,235538100,247000000,250000000,253000000,261000000,277000000,292000000,308000000,324000000,314000000,316000000,312000000,327000000
"Micronesia, Fed. Sts.",FSM,"Population, total",SP.POP.TOTL,97097,99003,100888,102754,104806,107066,109075,110230,110710,111071,111377,111680,112044,112365,112448,112285,111925,111412,110729,109880,108936,107957,107540,107698,107890,108121,108396,108716,109075
"Micronesia, Fed. Sts.",FSM,Land area (sq. km),AG.LND.TOTL.K2,..,..,..,700,700,700,700,700,700,700,700,700,700,700,700,700,700,700,700,700,700,700,700,700,700,700,700,700,700
"Middle East, North Africa, Afghanistan & Pakistan",MEA,GDP (current US$),NY.GDP.MKTP.CD,631572528869.458,651128046467.057,836867640836.182,673694780582.99,711007498209.201,666662575625.484,703413205095.729,779320006736.883,862935523841.37,900703249116.7,881949381134.232,954642370741.488,1098655593166.16,1090274286299.12,1084280957543.71,1208787816829.47,1425039121626.98,1696746049955.37,1984464158642.67,2340610689867.66,2892703776066,2608280183520.45,3045879622174.25,3665474220711.56,3953860671042.37,3918727955940.41,3958172789906.38,3561595503548.09,3627179370571.64
"Middle East, North Africa, Afghanistan & Pakistan",MEA,"Population, total",SP.POP.TOTL,359728415,370724431,383279026,394251647,405847278,417150344,428117445,438968860,449859387,460864078,472047033,483430509,494850317,506478256,518193093,530338988,543086512,556210211,569898499,583743828,597799097,612128501,624828664,639053870,653273442,667464006,680716578,694232973,707023525
"Middle East, North Africa, Afghanistan & Pakistan",MEA,Land area (sq. km),AG.LND.TOTL.K2,12649340,12649340,12649340,12649340,12649360,12649360,12649360,12649360,12649360,12649360,12649360,12649360,12649360,12649360,12649360,12649180,12649170,12649180,12649240,12649260,12649270,12646760,12646752,12646757,12646760,12646568,12646449,12646457,12646458
"Middle East, North Africa, Afghanistan & Pakistan (excluding high income)",MNA,GDP (current US$),NY.GDP.MKTP.CD,414053622198.115,415824495443.931,561877077035.318,380581307810.631,390454379064.224,344284389323.809,361933969778.076,403354671398.263,446894233271.764,465770068925.84,475820335214.519,515243741362.746,577555393310.858,580255087940.943,565029334317.57,624719536900.607,739740924019.894,857124962326.471,996469269796.192,1209996489935.98,1469142385234.62,1421593053226.48,1629127925063.32,1909176954972.57,2056110731997.59,1933842437518.53,1923472432973.06,1784466385695.77,1852920687942.14
"Middle East, North Africa, Afghanistan & Pakistan (excluding high income)",MNA,"Population, total",SP.POP.TOTL,339013669,349120795,361322200,371610655,381995940,392371485,402475400,412447289,422368926,432334916,442475967,452793419,462980522,473223662,483540516,494288606,505618583,517240777,529158464,540838105,552681993,565038251,577396038,589646039,601566988,613151287,624564062,635352686,645837915
"Middle East, North Africa, Afghanistan & Pakistan (excluding high income)",MNA,Land area (sq. km),AG.LND.TOTL.K2,10067050,10067050,10067050,10067050,10067050,10067050,10067050,10067050,10067050,10067050,10067050,10067050,10067050,10067050,10067050,10066860,10066840,10066840,10066900,10066910,10066910,10064400,10064390,10064390,10064390,10064198,10064198,10064199,10064199
"Middle East, North Africa, Afghanistan & Pakistan (IDA & IBRD)",TMN,GDP (current US$),NY.GDP.MKTP.CD,410799887112.368,412556844401.159,557461708924.973,377590606394.643,387386092628.761,341578918010.526,359089803725.527,400070200953.642,443484189035.585,462008531499.284,471749358011.739,510969926889.365,573241793310.858,576251387940.943,561473534317.57,620751536900.607,735137824019.893,851999262326.47,991120969796.192,1204180789935.98,1461831985234.62,1413507353226.48,1619446425063.32,1897990854972.57,2043902331997.59,1920326937518.54,1909482732973.06,1770493985695.77,1837515287942.14
"Middle East, North Africa, Afghanistan & Pakistan (IDA & IBRD)",TMN,"Population, total",SP.POP.TOTL,339013669,349120795,359343952,369541810,379832349,390108809,400109102,409972623,419780929,429628398,439699399,449944988,460058369,470225878,480465143,491133637,502381957,513920381,525752130,537343609,549090016,561349152,573609877,585763053,597586990,609074579,620390664,631082594,641470827
"Middle East, North Africa, Afghanistan & Pakistan (IDA & IBRD)",TMN,Land area (sq. km),AG.LND.TOTL.K2,10061030,10061030,10061030,10061030,10061030,10061030,10061030,10061030,10061030,10061030,10061030,10061030,10061030,10061030,10061030,10060840,10060820,10060820,10060880,10060890,10060890,10058380,10058370,10058370,10058370,10058178,10058178,10058179,10058179
Middle income,MIC,GDP (current US$),NY.GDP.MKTP.CD,2626606208682.46,2793399798325.36,3195723188081.61,3100370410005.62,3299959069131.64,3563133544190.01,4002155644697.72,4669768346889.9,5181157477394.43,5510728497286.53,5415771029696.37,5220210300683.09,5675807560243.59,5698308087221.4,5771947167690.29,6442572753678.03,7574430502189.41,8955078429959.13,10560130122160.6,12979297389135.4,15459320842699.2,15524656827265.1,18906893796333,22151023341680.6,23639759043791.5,24981032983624.9,26093245096359.9,25243424508586.8,25537051889993.7
Middle income,MIC,"Population, total",SP.POP.TOTL,3676333454,3751094976,3827822600,3901045292,3972120504,4041747514,4110771898,4179853300,4248932284,4317953411,4386612062,4454002200,4520892472,4587166020,4651354120,4714626871,4778500089,4841973136,4904910704,4967108168,5030372259,5094380988,5158880800,5224254229,5291702846,5359014668,5425923034,5490559951,5553928978
Middle income,MIC,Land area (sq. km),AG.LND.TOTL.K2,58149140.352,58149140.352,58149140.352,58150020.352,63149765.352,63149809.352,63142862.352,63142832.352,63142808.352,63142799.352,63114158.352,63113767.352,63176084.352,63176049.552,63174487.778,63181251.368,63179211.129,63181999.501,63286011.103,63285726.503,63285728.497,63283137.744,63283402.028,63283698.557,63283507.557,63280386.993,63279415.531,63285470.06,63287104.11
Moldova,MDA,GDP (current US$),NY.GDP.MKTP.CD,..,..,3592857043.05057,3094565870.64237,2319243435.96096,2371813323.57343,1702314267.59123,1752999370.46158,1695122173.91304,1930081168.83117,1698717504.65549,1170782957.37443,1288429391.79951,1480673594.05602,1661818168.4226,1980907434.76826,2598249555.89984,2988342907.03096,3408255450.5509,4401173151.93767,6054824248.24221,5439434271.78807,6974982369.60155,8414352020.49442,8709138634.82921,9496717875.51932,9402090137.7423,7797667196.73087,7980917075.7748
Moldova,MDA,"Population, total",SP.POP.TOTL,2948891,2970039,2977912,2981566,2980965,2975966,2966745,2953200,2947293,2936413,2935227,2930622,2924668,2918135,2911385,2903198,2896023,2888985,2880967,2874299,2868833,2865213,2862354,2860699,2860324,2859558,2857815,2835978,2803186
Moldova,MDA,Land area (sq. km),AG.LND.TOTL.K2,..,..,..,..,32870,32950,32940,32930,32930,32920,32910,32900,32880,32880,32880,32870,32880,32890,32890,32890,32890,32890,32850,32850,32860,32880,32880,32880,32880
Monaco,MCO,GDP (current US$),NY.GDP.MKTP.CD,2000704744.91538,2010083833.1726,2481307077.10989,2480540845.33242,2737049230.70442,2574494355.73357,2720332134.53623,3130309995.30848,3137886994.52207,2840195190.36905,2934593467.68589,2907118416.87259,2654462465.88236,2673722828.62205,2919647992.19608,3597090047.05882,4043553260.57916,4204651893.54085,4586828062.23529,5875787545.33335,6502945305.07812,5474381527.61718,5367561640.00001,6088690667.31519,5742748405.54688,6555590641.56865,7070015473.96076,6264753585.625,6471287668.59924
Monaco,MCO,"Population, total",SP.POP.TOTL,29781,30084,30358,30625,30887,31136,31375,31609,31837,32063,32267,32410,32455,32447,32422,32374,32307,32210,32057,31837,31836,32364,33163,33946,34711,35447,36128,36757,37276
Monaco,MCO,Land area (sq. km),AG.LND.TOTL.K2,2.027,2.027,2.027,2.027,2.027,2.027,2.027,2.027,2.027,2.027,2.027,2.027,2.027,2.027,2.027,2.027,2.027,2.027,2.027,2.027,2.027,2.027,2.027,2.027,2.027,2.027,2.027,2.027,2.027
Mongolia,MNG,GDP (current US$),NY.GDP.MKTP.CD,3204461566.66667,3576966800,2560785660,2379018326.31579,1317611863.84977,768401634.154573,925817092.217484,1452165005.2384,1345719472.35883,1180934202.83801,1124440204.84738,1057408588.68269,1136896123.61298,1267997934.3125,1396555719.97409,1595297355.78349,1992066808.09598,2523471601.10421,3414055661.61598,4234999703.90059,5623216608.04288,4583850367.88972,7189481998.90094,10409797377.8571,12292770631.565,12582122604.2577,12226514668.0622,11619892590.6941,11181350649.3573
Mongolia,MNG,"Population, total",SP.POP.TOTL,2076322,2124185,2098710,2165342,2167790,2165130,2189395,2224945,2259507,2291750,2323809,2356813,2388299,2417751,2449027,2480374,2508412,2536407,2567168,2601850,2643201,2691115,2738622,2786317,2839705,2899011,2963113,3026864,3088856
Mongolia,MNG,Land area (sq. km),AG.LND.TOTL.K2,1547438.742,1547438.742,1547438.742,1547438.742,1547438.742,1547438.742,1547438.742,1547438.742,1547438.742,1547438.742,1547438.742,1547438.742,1547438.742,1547438.742,1547438.968,1554686.058,1554444.019,1554444.091,1557459.093,1557459.093,1557465.087,1557465.134,1557292.418,1557251.947,1557251.947,1557253.053,1557252.921,1557255.4,1557255.4
Montenegro,MNE,GDP (current US$),NY.GDP.MKTP.CD,..,..,..,..,..,..,..,..,..,838288806.001293,854261160.714286,828950327.353261,984293043.811565,1159869245.92513,1286314054.19177,1708196980.68706,2077046941.92317,2258016379.81634,2719979875.03411,3682586459.42836,4559410049.1032,4159063347.27246,4136936243.54334,4507127584.90565,4071828832.31109,4422097042.14762,4579635403.65249,4010884106.80136,4357467226.269
Montenegro,MNE,"Population, total",SP.POP.TOTL,607413,606571,606372,607105,608516,610170,611389,611712,611003,609520,607662,606001,604950,607389,609828,612267,613353,614261,615025,615875,616969,618294,619428,620345,621418,622587,623744,624651,625353
Montenegro,MNE,Land area (sq. km),AG.LND.TOTL.K2,..,..,..,..,..,..,..,..,..,..,..,..,..,..,..,..,..,..,13450,13450,13450,13450,13450,13450,13450,13450,13450,13450,13450
Morocco,MAR,GDP (current US$),NY.GDP.MKTP.CD,25705296183.5037,26314313191.1826,30179954774.9899,32285573573.9185,33711069430.78,31655473663.8348,35604137422.5796,39030285468.3841,43161571527.6353,39147844526.0838,46497608724.9865,46266428648.1433,43017455401.8445,43831480207.6444,47077192187.6418,58029363354.2757,66114145451.0067,68852658068.6673,75883823300.8545,86947913286.728,101822906949.063,101154952240.881,100865329473.44,110080631332.375,106937392311.129,115739287305.08,119130841411.664,110413823841.592,111572947004.917
Morocco,MAR,"Population, total",SP.POP.TOTL,23500524,23939414,24375551,24799014,25212468,25614586,26000822,26399429,26808107,27213337,27621648,28027179,28423435,28814643,29198142,29571415,29953018,30358144,30771178,31186468,31606767,32030778,32467016,32912588,33355241,33787571,34204780,34607588,35023457
Morocco,MAR,Land area (sq. km),AG.LND.TOTL.K2,446300,446300,446300,446300,446300,446300,446300,446300,446300,446300,446300,446300,446300,446300,446300,446300,446300,446300,446300,446300,446300,446300,446300,446300,446300,446300,446300,446300,446300
Mozambique,MOZ,GDP (current US$),NY.GDP.MKTP.CD,..,..,..,3854856434.58062,2798696511.18156,2883161897.42651,2958108170.32061,3061646173.73938,4030146134.5706,4873663774.93019,5551118148.73836,6285219691.22462,5930685214.61595,5650154067.10346,5950769426.60213,6583526860.58062,7937255565.35765,8868504899.94673,9509835536.93373,10811456005.9405,12920340964.6544,12263894790.0125,11411894723.864,14619279988.716,16688114144.0745,17198073057.1981,17978246586.0662,16208985769.615,12069051237.1711
Mozambique,MOZ,"Population, total",SP.POP.TOTL,12800558,12906842,13094537,13352090,13613316,14051192,15033853,15960530,16492480,16949982,17340464,17734506,18129653,18537729,18958338,19392475,19840313,20304569,20787087,21287635,21819036,22391745,22999235,23649039,24337846,25051611,25788475,26547572,27337105
Mozambique,MOZ,Land area (sq. km),AG.LND.TOTL.K2,786380,786380,786380,786380,786380,786380,786380,786380,786380,786380,786380,786380,786380,786380,786380,786380,786380,786380,786380,786380,786380,786380,786380,786380,786380,786380,786380,786380,786380
Myanmar,MMR,GDP (current US$),NY.GDP.MKTP.CD,1541088312.25453,2013448228.72975,2115193513.29556,2069832686.98061,2411552288.76212,3163020034.63637,4432257173.6492,5289174942.53404,6123556716.81329,4722288495.66085,6459461639.30243,8486832800.88498,8905066163.58643,6477790688.22844,6777632512.0781,10467109977.6717,10567354056.4049,11986972418.5103,14502553709.8303,20182477480.5512,31862554101.9378,36906181380.8127,49540813342.4834,59977326085.9908,59937796648.2158,60269732854.827,65531374199.6663,59607290407.6191,63298361996.2153
Myanmar,MMR,"Population, total",SP.POP.TOTL,38600927,39214618,39817251,40394154,40950342,41502429,42055143,42605338,43154860,43708798,44257793,44787724,45290841,45771139,46232653,46667192,47068772,47438365,47785135,48125043,48390793,48660459,49024382,49419820,49837446,50262658,50681634,51089056,51495696
Myanmar,MMR,Land area (sq. km),AG.LND.TOTL.K2,653540,653540,653540,653540,653540,653540,653540,653540,653540,653540,653540,653540,653540,653540,653540,653540,653420,653360,653470,653520,653310,653300,653260,653290,653150,653080,653080,653080,652780
Namibia,NAM,GDP (current US$),NY.GDP.MKTP.CD,2495094746.44024,2535135797.50766,2789921853.53112,2996869281.48364,3429521699.4026,3251188833.14533,3666503529.62911,3978514206.31168,3989163196.56767,4154989950.00393,3873109865.55683,3868551730.39163,3922232164.83175,3557341215.15159,3349169826.38896,4926439383.51425,6609205994.77406,7248374837.72056,8001779551.06323,8839536475.99963,8607431497.49471,8938847189.07592,11431412421.1316,12523359440.5499,13042053591.6857,12043307277.1235,12435430969.6301,11335161083.5061,10722018732.0936
Namibia,NAM,"Population, total",SP.POP.TOTL,1209696,1288947,1369303,1415684,1461322,1508697,1556304,1602170,1646103,1689264,1732745,1776368,1818647,1857048,1889970,1917464,1942082,1966582,1991888,2018600,2047056,2077394,2109811,2146325,2194654,2252508,2312139,2374300,2439213
Namibia,NAM,Land area (sq. km),AG.LND.TOTL.K2,823290,823290,823290,823290,823290,823290,823290,823290,823290,823290,823290,823290,823290,823290,823290,823290,823290,823290,823290,823290,823290,823290,823290,823290,823290,823290,823290,823290,823290
Naoero,NRU,GDP (current US$),NY.GDP.MKTP.CD,45931133.5855646,53736786.0923378,55572375.5290496,52533788.5566282,51133123.1254326,43542088.2518269,39742511.2417848,39969705.969706,37458801.2139605,37331507.2781343,29664450.9258631,27328612.6080962,26930980.3429002,22613287.5389074,21017423.6082043,24778159.5806639,30587565.7988334,30070666.0652533,29200359.3890386,22766972.1889659,37602264.7306872,44176245.5492433,47562844.6104251,65071879.7787162,101055722.95058,94385014.9425842,99149244.4001333,84863440.5801997,97541943.0355053
Naoero,NRU,"Population, total",SP.POP.TOTL,9165,9390,9622,9850,10021,10102,10137,10165,10183,10197,10198,10187,10168,10130,10082,10059,10060,10049,10034,10020,10009,10016,10043,10098,10267,10517,10742,10954,11150
Naoero,NRU,Land area (sq. km),AG.LND.TOTL.K2,20,20,20,20,20,20,20,20,20,20,20,20,20,20,20,20,20,20,20,20,20,20,20,20,20,20,20,20,20
Nepal,NPL,GDP (current US$),NY.GDP.MKTP.CD,3487009748.35638,3525225786.58691,3627560239.48997,3921476084.89072,3401211581.29176,3660041666.66667,4066775510.20408,4401104417.67068,4521580381.47139,4918691916.53516,4856255044.39064,5033642384.10596,5494252207.90502,6007055042.17687,6050875806.66403,6330473096.54071,7273938314.71988,8130258377.90964,9043715355.8881,10325618017.379,12545438605.3959,12854985464.0764,16002656434.4746,21573872420.7008,21703100877.1309,22162204924.5726,22731612922.1906,24360801286.7638,24524109483.5293
Nepal,NPL,"Population, total",SP.POP.TOTL,18638661,19057807,19524573,20036500,20609707,21180159,21717479,22245439,22741862,23219463,23680357,24125199,24546509,24946748,25328981,25688758,26016656,26309458,26565425,26788492,26990037,27173035,27341952,27464494,27534915,27589996,27672370,27823629,27955462
Nepal,NPL,Land area (sq. km),AG.LND.TOTL.K2,143000,143000,143000,143000,143000,143000,143000,143000,143000,143000,143000,143000,143350,143350,143350,143350,143350,143350,143350,143350,143350,143350,143350,143350,143350,143350,143350,143350,143350
Netherlands,NLD,GDP (current US$),NY.GDP.MKTP.CD,262295966105.474,258716904291.801,318799003993.707,327982316124.47,363497050125.313,354070495965.828,379688232231.505,452967334614.329,451372549019.608,417506211881.635,438612530548.767,447778514140.155,417649282153.726,432536219668.898,475529972122.746,582435617081.96,661224886143.245,688133699635.797,737593995289.411,853499460872.552,957901566041.406,878954223140.234,852464982433.335,913140741332.687,845689017065.625,883951539006.669,901556501756.467,775743675302.734,797163949289.885
Netherlands,NLD,"Population, total",SP.POP.TOTL,14760094,14848907,14951510,15069798,15184166,15290368,15382838,15459006,15530498,15610650,15707209,15812088,15925513,16046180,16148929,16225302,16281779,16319868,16346101,16381696,16445593,16530388,16615394,16693074,16754962,16804432,16865008,16939923,17030314
Netherlands,NLD,Land area (sq. km),AG.LND.TOTL.K2,33760,33760,33760,33760,33760,33760,33760,33760,33760,33760,33760,33760,33760,33760,33760,33760,33760,33760,33760,33760,33760,33730,33730,33720,33720,33690,33690,33670,33670
New Caledonia,NCL,GDP (current US$),NY.GDP.MKTP.CD,2072775508.14796,2185082938.93078,2529440424.16648,2653780672.09555,2923883281.08579,2822243780.97543,3038728384.86634,3628440505.14193,3606968435.99917,3291131281.04099,3556304832.68104,3647802049.80911,3420032041.07385,3297734891.14661,3740056747.71979,4915353827.10576,5895008977.9531,6238629487.01331,6979155387.86792,8819917180.34265,9067619760.07073,8704438102.20142,9364350076.91225,10351448004.7674,9659151917.40484,10151382933.1594,10635035594.7528,8738203074.3957,8724568954.89799
New Caledonia,NCL,"Population, total",SP.POP.TOTL,168502,172029,176456,181238,186072,190857,195614,200379,205034,209560,214047,218527,223098,227707,232236,236678,240852,244381,247547,250725,253825,257250,261582,266543,271633,276822,281224,283168,283423
New Caledonia,NCL,Land area (sq. km),AG.LND.TOTL.K2,18280,18280,18280,18280,18280,18280,18280,18280,18280,18280,18280,18280,18280,18280,18280,18280,18280,18280,18280,18280,18280,18280,18280,18280,18280,18280,18280,18280,18280
New Zealand,NZL,GDP (current US$),NY.GDP.MKTP.CD,45176811594.2029,43920222524.7085,45495129385.0475,42745329732.163,41649829859.6342,46775620817.4327,55314732279.1379,63918703506.9075,70140835299.0148,66075143415.4952,56227169851.0448,58762260625.8758,52623281956.7031,53872425916.6248,66627729311.4495,88250885550.2626,103905210084.034,114720129550.095,111538810712.665,137188946865.584,133437126590.286,121663439315.385,146887902524.052,168458838711.118,176508049114.249,190943478289.796,201435445068.164,178147457242.978,188980351890.848
New Zealand,NZL,"Population, total",SP.POP.TOTL,3283400,3299200,3329800,3495100,3531700,3572200,3620000,3673400,3732000,3781300,3815000,3835100,3857700,3880500,3948500,4027200,4087500,4133900,4184600,4223800,4259800,4302600,4350700,4384000,4408100,4442100,4516500,4609400,4714100
New Zealand,NZL,Land area (sq. km),AG.LND.TOTL.K2,263310,263310,263310,263310,263310,263310,263310,263310,263310,263310,263310,263310,263310,263310,263310,263310,263310,263310,263310,263310,263310,263310,263310,263310,263310,263310,263310,263310,263310
Nicaragua,NIC,GDP (current US$),NY.GDP.MKTP.CD,2630900095.60219,1013184755.57026,1009455483.87097,1488804123.71134,1792800000,1756454248.36601,3863185119.04762,4140470000,4308351902.78601,4389973489.86032,4635347385.5446,4856026259.07657,5109587049.97449,5351752034.2221,5223727302.54906,5322228350.58068,5792932838.40051,6321324279.14826,6763672380.61154,7423375014.75729,8496967596.77008,8298702489.0801,8758602232.98358,9774329332.71276,10532017231.8253,10982988249.2103,11880438824.4494,12756696261.0676,13286093388.4752
Nicaragua,NIC,"Population, total",SP.POP.TOTL,3972320,4066476,4162559,4259637,4357026,4453732,4549316,4642931,4729974,4809573,4883655,4954018,5022633,5087825,5149909,5210963,5272912,5342105,5418855,5497243,5576593,5656601,5737450,5819051,5901287,5983845,6066492,6149417,6232666
Nicaragua,NIC,Land area (sq. km),AG.LND.TOTL.K2,120340,120340,120340,120340,120340,120340,120340,120340,120340,120340,120340,120340,120340,120340,120340,120340,120340,120340,120340,120340,120340,120340,120340,120340,120340,120340,120340,120340,120340
Niger,NER,GDP (current US$),NY.GDP.MKTP.CD,2280356192.76273,2179567114.33391,3512356507.88599,3285796874.97125,3386232579.22522,3052673849.25181,1938058175.21399,2302537562.24406,2405686940.0464,2290318910.20658,2643363518.99272,2537789820.69295,2241753192.81158,2448714703.96617,2782192878.67204,3394084732.49543,3760443737.53797,4383315964.58718,4756361252.37923,5731485051.79069,7297600226.00536,7352131309.73341,7851192502.30917,8772950777.79176,9426912647.59111,10224897437.8648,10862943543.5419,9683867926.44282,10341025540.2322
Niger,NER,"Population, total",SP.POP.TOTL,7793748,8034780,8286059,8546900,8817633,9100789,9398258,9714529,10044852,10383969,10741413,11117411,11509630,11920647,12349144,12796984,13265836,13756192,14268581,14803610,15361915,15943675,16548835,17176283,17836769,18519898,19215909,19939498,20685753
Niger,NER,Land area (sq. km),AG.LND.TOTL.K2,1266700,1266700,1266700,1266700,1266700,1266700,1266700,1266700,1266700,1266700,1266700,1266700,1266700,1266700,1266700,1266700,1266700,1266700,1266700,1266700,1266700,1266700,1266700,1266700,1266700,1266700,1266700,1266700,1266700
Nigeria,NGA,GDP (current US$),NY.GDP.MKTP.CD,49648470440.4593,44003061108.4005,54035795387.8086,59526833412.3581,52058181853.8055,56721051402.4732,80399613063.6364,140919776986.364,185730236700,200850397618.182,218416200672.727,59145077039.1437,69171451627.2465,73557840064.489,95054059302.6995,104738954264.226,135764731645.611,175670569969.346,238454997161.48,278260846800.103,339476276257.793,295008835380.997,366990417129.04,414466676831.16,463971018239.281,520117180313.906,574183763411.508,493026682800.63,404649125252.16
Nigeria,NGA,"Population, total",SP.POP.TOTL,92020090,94531014,97120925,99720162,102372770,105122069,107935714,110819428,113754779,116754792,119846254,123047320,126382494,129862595,133471989,137202644,141057045,145017253,149077334,153267261,157595014,162049464,166642886,171379598,176200625,181049443,185896915,190671878,195443700
Nigeria,NGA,Land area (sq. km),AG.LND.TOTL.K2,910770,910770,910770,910770,910770,910770,910770,910770,910770,910770,910770,910770,910770,910770,910770,910770,910770,910770,910770,910770,910770,910770,910770,910770,910770,910770,910770,910770,910770
North America,NAC,GDP (current US$),NY.GDP.MKTP.CD,5747233127658.55,6210293493275.24,6560811991360.99,6772291612315.61,7116394258318.85,7439432921639.4,7869047506907.26,8247740840061.21,8706425384132.74,9235472549085.8,9699947073918.43,10312910648521.3,10999205634931.6,11324591275355.4,11693695836551.6,12356178599084.6,13248371709917.8,14217183637402.9,15141018255289.1,15949815407783.3,16329835439550.1,15859350766599.6,16672954718091.5,17399380418900.9,18088707665072,18733732587414.4,19420303676809,19858183921200.2,20339809161640.9
North America,NAC,"Population, total",SP.POP.TOTL,271347446,274152910,277371697,281076404,284943671,288662580,292185857,295639837,299064031,302623125,306069812,309502410,312909691,316051677,319046534,321812780,324806660,327822042,331013939,334183103,337404564,340465163,343447854,346242415,349116140,351870848,354755155,357583083,360527592
North America,NAC,Land area (sq. km),AG.LND.TOTL.K2,18124604,18124604,18124604,18124604,18124604,18124604,18124604,18124604,18124604,18124604,18124604,18124604,18127564,18127564,18127564,18127564,18127564,18127564,18127564,18127564,18113064,18113064,18113064,18113064,18113064,18113064,18113064,18113064,18113064
North Macedonia,MKD,GDP (current US$),NY.GDP.MKTP.CD,..,..,4699646643.10954,4938775510.20408,2436849341.97604,2682456896.55172,3559608639.98379,4707041315.24202,4642021256.30689,3912986090.97363,3765745023.2074,3863619284.77939,3772859034.20508,3709636030.66578,4018365747.00972,4946296599.08467,5682784471.69722,6258602872.67898,6861226971.55617,8336474973.72949,9909552434.51136,9401736825.42688,9407170321.37752,10494626767.6445,9745261300.57788,10817702346.0674,11362265252.778,10064519962.5655,10672467073.2873
North Macedonia,MKD,"Population, total",SP.POP.TOTL,2045737,2055649,2063689,2055994,2032523,2006854,1992666,1998534,2012553,1996869,2007523,2017142,2026350,2034882,2020157,2022725,2016186,2005330,1994287,1982933,1971493,1958782,1946298,1937398,1929821,1922716,1917557,1912430,1906313
North Macedonia,MKD,Land area (sq. km),AG.LND.TOTL.K2,..,..,..,..,25430,25430,25430,25430,25430,25430,25430,25430,25430,25430,25430,25430,25430,25430,25430,25230,25230,25220,25220,25220,25220,25220,25220,25220,25220
Northern Mariana Islands,MNP,GDP (current US$),NY.GDP.MKTP.CD,..,..,..,..,..,..,..,..,..,..,..,..,..,..,1284000000,1239000000,1210000000,1061000000,990000000,938000000,939000000,795000000,799000000,729000000,746000000,772000000,832000000,910000000,1230000000
Northern Mariana Islands,MNP,"Population, total",SP.POP.TOTL,38519,41303,43342,44393,45181,45952,46730,48176,51706,56596,61337,65916,68356,67984,66778,65421,63938,62354,60682,58941,57150,55325,54091,53608,53234,52758,52178,51514,50773
Northern Mariana Islands,MNP,Land area (sq. km),AG.LND.TOTL.K2,..,..,..,460,460,460,460,460,460,460,460,460,460,460,460,460,460,460,460,460,460,460,460,460,460,460,460,460,460
Norway,NOR,GDP (current US$),NY.GDP.MKTP.CD,101497621605.033,102226808603.085,119344377526.08,121149331317.774,129998873602.06,119841699440.38,126324387893.902,151083627983.331,162427517132.314,160013571973.874,152955958171.529,161304620986.768,170620327660.251,173590978346.698,195359978957.389,229192678172.933,265662977688.108,311417306946.061,349773283644.925,407813774161.08,472060283687.943,395664488017.429,440132138425.479,512868581627.712,525082939406.962,540132255319.149,515829568897.117,400669174330.888,383284047619.048
Norway,NOR,"Population, total",SP.POP.TOTL,4209488,4226901,4241473,4261732,4286401,4311991,4336613,4359184,4381336,4405157,4431464,4461913,4490967,4513751,4538159,4564855,4591910,4623291,4660677,4709153,4768212,4828726,4889252,4953088,5018573,5079623,5137232,5188607,5234519
Norway,NOR,Land area (sq. km),AG.LND.TOTL.K2,365244,365244,365244,365244,365244,365244,365244,365244,365244,365244,365244,365244,365244,365244,365244,365244,365244,365244,365244,365244,365244,365244,365244,365244,365244,365122.96,365108,365190.7,365145.73
Not classified,INX,GDP (current US$),NY.GDP.MKTP.CD,..,..,..,..,..,..,..,..,..,..,..,..,..,..,..,..,..,..,..,..,..,..,..,..,..,..,..,..,..
Not classified,INX,"Population, total",SP.POP.TOTL,..,..,..,..,..,..,..,..,..,..,..,..,..,..,..,..,..,..,..,..,..,..,..,..,..,..,..,..,..
Not classified,INX,Land area (sq. km),AG.LND.TOTL.K2,..,..,..,..,..,..,..,..,..,..,..,..,..,..,..,..,..,..,..,..,..,..,..,..,..,..,..,..,..
OECD members,OED,GDP (current US$),NY.GDP.MKTP.CD,16073835168616.3,16812814432437.2,18927536081483.4,20039911664796.5,21561169598530.3,21906239018901.5,23421916750614.7,25867831172924.9,26094310406311.8,25697173077083.4,25844629792768.9,27152879473912.4,27778488573282.7,27514799599349.8,28704330298725.5,32089713975113.4,35719361405775.1,37779302577053.4,39873621654155.2,43663244462480.1,46373966166329.6,43394862640331.7,45526677050419.5,48976221855396.9,48933153056612.9,49637322451829.6,50718548398932.9,47849615079402.5,48791020854023.8
OECD members,OED,"Population, total",SP.POP.TOTL,1088587717,1097876374,1107695519,1118410105,1129039882,1139203498,1148779736,1158068699,1167149370,1176191803,1184928348,1193682861,1202226474,1211109104,1220101353,1229012217,1237896576,1246656490,1255746646,1264728255,1274711058,1283973216,1292701737,1299644689,1307733583,1315426979,1323458714,1331674197,1340141055
OECD members,OED,Land area (sq. km),AG.LND.TOTL.K2,35152774.81,35152774.89,35152774.97,35152775.05,35340212.13,35465562.21,35465552.29,35465542.37,35465431.154,35465329.937,35465298.719,35465257.5,35502081.741,35501830.52,35502359.299,35502448.077,35502466.854,35502355.63,35501734.405,35501833.18,35486833.782,35487722.784,35489163.585,35488938.786,35489357.888,35490732.748,35489569.349,35489042.99,35499757.82
Oman,OMN,GDP (current US$),NY.GDP.MKTP.CD,8386215864.75943,9372171651.49545,13310273081.9246,12918335500.6502,14183615084.5254,14230429128.7386,14715214564.3693,15722236671.0013,17402080624.1873,18039791937.5813,16044213263.9792,17832769830.9493,22259557867.3602,22205721716.515,23065539661.8986,24733680104.0312,28378933680.104,35506892067.6203,42577633289.987,48300390117.0351,69804681404.4213,55454096228.8687,64993498049.4148,77497529258.7776,87408842652.7958,89936020806.2419,92699089726.9181,78710793237.9714,75128738621.5865
Oman,OMN,"Population, total",SP.POP.TOTL,1588568,1676228,1763954,1851473,1938238,2021675,2081834,2120528,2156926,2190720,2222489,2252909,2282131,2310217,2337140,2363796,2404821,2459802,2514795,2570174,2626529,2684659,2757446,3076763,3547106,3833913,4002439,4184895,4390877
Oman,OMN,Land area (sq. km),AG.LND.TOTL.K2,309500,309500,309500,309500,309500,309500,309500,309500,309500,309500,309500,309500,309500,309500,309500,309500,309500,309500,309500,309500,309500,309500,309500,309500,309500,309500,309500,309500,309500
Other small states,OSS,GDP (current US$),NY.GDP.MKTP.CD,25998041842.417,26569541982.5848,31954015147.636,33550913340.2058,36340445476.6316,34799288270.5363,36855488521.8451,43750838246.0409,44988678260.3284,45001855638.8828,45175657701.3022,47126365642.7187,47447997451.6871,47626338310.4085,52122511271.7999,64819510796.1105,76950784902.5047,86284958292.6193,95908328760.0445,115445997132.217,125254076612.117,107852490662.02,112786677893.28,128764141897.791,125764680258.238,130969031866.96,135415534454.347,121433689793.067,128159306240.899
Other small states,OSS,"Population, total",SP.POP.TOTL,8592255,8765561,8949306,9131087,9201490,9249106,9328189,9389918,9493131,9618823,9746302,9758520,9788238,9961679,10136134,10269557,10371059,10479844,10601352,10730365,10862640,10989567,11112466,11226214,11346082,11466589,11591200,11722398,11851918
Other small states,OSS,Land area (sq. km),AG.LND.TOTL.K2,226754,226754,226754,226754,269144,269144,262221,262221,262221,262221,262221,262221,262221,262221,262221,262221,260538,260538,273988,273988,273988,273988,273988,273955,273955,275035,275035,275035,275062
Pacific island small states,PSS,GDP (current US$),NY.GDP.MKTP.CD,2046486236.29193,2132424514.70178,2385132399.14983,2529727432.96099,2776997611.93855,2916179026.94266,3414639447.83478,3704482549.69281,3969814416.10293,3979427620.50815,3430045707.46023,3741318844.91822,3444510932.12133,3387243157.37087,3551511786.21902,4235417136.34079,4871855213.81226,5404344027.47777,5674869059.2092,6250949279.73079,6698924092.51423,6033680449.649,6638995493.57921,7747875552.18314,8215948619.93726,8650287218.9751,9395064505.28979,9199527864.78686,9660620527.27464
Pacific island small states,PSS,"Population, total",SP.POP.TOTL,1721206,1748900,1775607,1801531,1827395,1853148,1878007,1901782,1926342,1954642,1984859,2014289,2042274,2069097,2095273,2120592,2145505,2170029,2194265,2218230,2240739,2262456,2289399,2320899,2351924,2382931,2414338,2445989,2477794
Pacific island small states,PSS,Land area (sq. km),AG.LND.TOTL.K2,62860,62860,62860,64200,64200,64200,64200,64200,64200,64200,64200,64200,64200,64200,64200,64200,64200,64200,64200,64200,64200,64200,64200,64200,64200,64200,64200,64200,64200
Pakistan,PAK,GDP (current US$),NY.GDP.MKTP.CD,38472742808.3167,40171106279.0078,40010423970.4576,45625336680.2047,48884671947.4657,51809999353.1614,52293470813.1336,60636071684.1918,63320170084.4076,62433340468.0228,62191955814.3478,62973857068.5113,99484802344.5277,97145618479.9038,97923302809.3537,112371913740.823,132216048339.413,145208562960.767,161871385506.36,184140869997.46,202203748583.854,187337783856.466,196709621849.586,230586581059.665,250106966104.704,258657231672.412,271390474857.632,299963590534.773,313630000130.435
Pakistan,PAK,"Population, total",SP.POP.TOTL,108724739,112336629,116155576,120060406,123546848,127020117,130748083,134582253,138557092,142531804,146522356,150565377,154879127,159270907,163222549,167110248,171286000,175453212,179682690,184493231,189499113,194376534,199239047,203746065,207667125,211073978,214264647,217290883,220138869
Pakistan,PAK,Land area (sq. km),AG.LND.TOTL.K2,770880,770880,770880,770880,770880,770880,770880,770880,770880,770880,770880,770880,770880,770880,770880,770880,770880,770880,770880,770880,770880,770880,770880,770880,770880,770880,770880,770880,770880
Palau,PLW,GDP (current US$),NY.GDP.MKTP.CD,75348615,85800543,97702303,106555300,104771300,96455700,106138500,121018500,137494600,143860800,149079600,144206500,149551484.375,159446234.375,162658718.75,154566781.25,166363734.375,185658171.875,190777421.875,196012718.75,199046109.375,184049765.625,184292328.125,195163578.125,214928296.875,226257828.125,245436546.875,283224750,303326125
Palau,PLW,"Population, total",SP.POP.TOTL,14645,14945,15259,15614,15989,16372,16770,17195,17654,18108,18524,18901,19178,19352,19503,19659,19820,19819,19593,19302,19009,18709,18396,18078,17765,17648,17715,17770,17797
Palau,PLW,Land area (sq. km),AG.LND.TOTL.K2,..,..,..,460,460,460,460,460,460,460,460,460,460,460,460,460,460,460,460,460,460,460,460,460,460,460,460,460,460
Panama,PAN,GDP (current US$),NY.GDP.MKTP.CD,5902783400,5918469800,6433967000,7074675500,8042337700,8782585400,9365289800,9573813700,9197503300,10058854400,11019557700,11660704800,11966497000,12252906300,12800851300,13603456000,15100203400,16623906700,18659721500,21717433800,25721328000,27791215500,30231009500,35687738300,41595439700,46949496500,51427104900,55767806100,59760858700
Panama,PAN,"Population, total",SP.POP.TOTL,2352848,2403820,2455583,2508265,2561336,2615099,2669546,2724557,2780227,2836695,2893914,2951822,3010369,3069537,3129344,3189807,3251155,3313026,3375024,3437490,3500648,3564381,3628535,3693505,3759256,3825329,3892101,3960035,4029086
Panama,PAN,Land area (sq. km),AG.LND.TOTL.K2,74340,74340,74340,74340,74340,74340,74340,74340,74340,74340,74340,74340,74340,74340,74340,74340,74340,74340,74340,74340,74340,74340,74340,74340,74340,74340,74120,74120,74120
Papua New Guinea,PNG,GDP (current US$),NY.GDP.MKTP.CD,3656177880.70625,3546472565.69364,3219729083.06487,3787394957.98319,4377980510.05598,4974550286.18152,5502786069.65174,4636057476.42568,5155311077.38998,4936615298.79367,3789443014.61662,3477038204.01733,3521339699.07407,3081024212.42924,2999511040.19764,3536411824.2958,3927157866.96465,4865892972.27595,8354911040.70193,9545028944.34579,11670892800.5309,11619456449.266,14250786674.7766,17985138065.8549,21295168665.7247,21261338064.8783,23210823987.308,21723437010.0982,20758876952.6232
Papua New Guinea,PNG,"Population, total",SP.POP.TOTL,3711880,3796078,3896481,4021837,4166699,4320872,4480208,4644278,4813361,4987883,5166390,5349333,5537064,5728435,5924003,6123997,6328041,6535905,6747720,6963345,7183002,7406438,7633523,7859346,8081390,8302698,8523441,8743246,8961718
Papua New Guinea,PNG,Land area (sq. km),AG.LND.TOTL.K2,452860,452860,452860,452860,452860,452860,452860,452860,452860,452860,452860,452860,452860,452860,452860,452860,452860,452860,452860,452860,452860,452860,452860,452860,452860,452860,452860,452860,452860
Paraguay,PRY,GDP (current US$),NY.GDP.MKTP.CD,4255683528.33333,4757732199.96213,5812114523.01187,6984367762.90371,7157424031.06045,7249533620.30614,7870982004.8195,9062131475.02318,9788391780.52421,9965225678.05093,9260481572.42462,8837070235.51892,8855705139.55857,8495806432.18467,7196260656.84556,7691367471.17992,9624440836.29309,10737500188.1123,13429430050.261,17856393235.4338,24615267663.5456,22355151161.994,27260886405.2263,33756238766.5,33271921136.315,38501122141.4241,40377929295.6419,36211447840.0971,36089700222.9461
Paraguay,PRY,"Population, total",SP.POP.TOTL,3820546,3927802,4035747,4144364,4253600,4362696,4471417,4579806,4687543,4794412,4900025,5003135,5100868,5187689,5261328,5326436,5388175,5448097,5505148,5559386,5613574,5671236,5737971,5814626,5897008,5982445,6069811,6159103,6249126
Paraguay,PRY,Land area (sq. km),AG.LND.TOTL.K2,397300,397300,397300,397300,397300,397300,397300,397300,397300,397300,397300,397300,397300,397300,397300,397300,397300,397300,397300,397300,397300,397300,397300,397300,397300,397300,397300,397300,397300
Peru,PER,GDP (current US$),NY.GDP.MKTP.CD,15439408447.2,22499558526.3682,26410386962.8019,34341465998.2003,35966302303.263,34832077220.8537,44882079766.8913,53312793687.3836,55252414130.3019,58147522522.5225,55501467877.381,50187324567.883,51744749133.213,52030158775.4055,54777553515.0809,58731030121.8671,66768703497.5687,76060606060.6061,88643193061.748,102170981144.136,120550599815.441,120822986521.479,147527631520.729,171761737046.585,192650021648.583,201175543571.392,200786250582.943,189802976285.619,191898104390.379
Peru,PER,"Population, total",SP.POP.TOTL,21054702,21532589,22014771,22483775,22946340,23413783,23881493,24348919,24811171,25274147,25738095,26186504,26598331,26964601,27288217,27580490,27852190,28101180,28324491,28530699,28719041,28896811,29086019,29304086,29550366,29817919,30115826,30457600,30866494
Peru,PER,Land area (sq. km),AG.LND.TOTL.K2,1280000,1280000,1280000,1280000,1280000,1280000,1280000,1280000,1280000,1280000,1280000,1280000,1280000,1280000,1280000,1280000,1280000,1280000,1280000,1280000,1280000,1280000,1280000,1280000,1280000,1280000,1280000,1280000,1280000
Philippines,PHL,GDP (current US$),NY.GDP.MKTP.CD,43152128958.6116,48513773720.673,50508286641.5746,51784144942.727,60422328242.1803,62036529147.1831,73159336915.2718,84644328727.4825,94648084429.0341,94106317565.0846,74492416329.9142,85640171045.1254,83669788376.9213,78921234457.5487,84307345887.543,87039092974.2272,95001999685.3314,107419977318.166,127652926368.069,155980408673.403,181624626327.361,175974755881.372,208368893151.144,234216730291.32,261920540962.63,283902828588.718,297483555338.044,306445871242.322,318627003016.731
Philippines,PHL,"Population, total",SP.POP.TOTL,59739052,61265260,62854666,64382249,65926125,67530621,69019291,70546246,72190242,73908810,75791024,77753257,79625397,81401488,83068889,84731835,86394504,88015962,89508986,91075184,92699095,94384250,96337125,98248614,100175512,102076336,103767130,105312992,106735719
Philippines,PHL,Land area (sq. km),AG.LND.TOTL.K2,298170,298170,298170,298170,298170,298170,298170,298170,298170,298170,298170,298170,298170,298170,298170,298170,298170,298170,298170,298170,298170,298170,298170,298170,298170,298170,298170,298170,298170
Poland,POL,GDP (current US$),NY.GDP.MKTP.CD,..,..,65977748210.5263,85500935934.9901,94337050693.2727,96043157272.862,110803635287.621,142838527115.448,160813026223.063,159893964916.817,175282269666.801,170704452714.673,172953527033.013,191823200371.284,199694463255.567,218561225998.47,256268656145.134,306999913150.525,345897630736.173,429715132137.503,535612030671.888,440891472247.096,478111630683.514,527848543023.469,498148649702.66,518179836405.36,542134167178.627,480054118583.367,473259623976.262
Poland,POL,"Population, total",SP.POP.TOTL,37824487,37961529,38110782,38246193,38363667,38461408,38542652,38594998,38624370,38649660,38663481,38660271,38258629,38248076,38230364,38204570,38182222,38165445,38141267,38120560,38125759,38151603,38042794,38063255,38063164,38040196,38011735,37986412,37970087
Poland,POL,Land area (sq. km),AG.LND.TOTL.K2,306290,306290,306290,306290,306290,306290,306290,306290,306290,306290,306290,306290,306290,306290,306290,306240,306330,306330,306320,306320,306300,306280,306280,306230,306220,306210,306190,306190,306190
Portugal,PRT,GDP (current US$),NY.GDP.MKTP.CD,56347250696.3788,60594092182.3275,78713860216.5659,89233599278.4792,107592098307.098,95009751901.2592,99688641304.3478,118122007430.012,122630089680.27,117016535162.95,123946327916.296,127470385557.184,118605192877.388,121604107164.997,134795565549.419,165226175536.793,189382122532.169,197253876704.921,208756449275.848,240496147317.381,263416394624.084,244667762835.543,238443864993.217,245426767676.002,216536676771.973,226677408291.745,230078616299.675,199038523119.639,206305431241.638
Portugal,PRT,"Population, total",SP.POP.TOTL,10019610,10005000,9983218,9960235,9952494,9964675,9991525,10026176,10063945,10108977,10160196,10217828,10289898,10362722,10419631,10458821,10483861,10503330,10522288,10542964,10558177,10568247,10573100,10557560,10514844,10457295,10401062,10358076,10325452
Portugal,PRT,Land area (sq. km),AG.LND.TOTL.K2,91500,91500,91500,91500,91500,91500,91500,91500,91500,91500,91500,91500,91500,91500,91500,91500,91500,91470,91470,91470,91470,91590,91590,91590,91590,91605.2,91605.6,91605.6,91605.6
Post-demographic dividend,PST,GDP (current US$),NY.GDP.MKTP.CD,15818191302834.7,16514949656851.6,18523011752433.9,19543831632332.8,20970587190583.7,21134194430801.3,22640945743653.1,25102168130845.7,25225933434935.2,24722077238172,24783774164438.5,26035692714139.7,26514807286901,26251047428649,27380537491974.1,30686884653568,34093567886599.5,35883964025378.4,37770129321606.9,41227786934667.2,43675050278961.9,41130483724941.1,42907615946030.4,46093024710194,46027371705948.9,46537786135637.6,47527207893966.3,44970537111944.2,46016102013930.7
Post-demographic dividend,PST,"Population, total",SP.POP.TOTL,952284317,958176572,964371624,971291914,978087877,984398082,990028770,995338472,1000836719,1006102041,1011086034,1015990094,1021150563,1026105872,1031302538,1036498631,1041890752,1047140108,1052866351,1059147302,1065603711,1071118156,1076208648,1079468050,1084193277,1088423167,1093024476,1097889139,1102965925
Post-demographic dividend,PST,Land area (sq. km),AG.LND.TOTL.K2,30258932.81,30258932.89,30258932.97,30258933.05,31231141.13,31308355.21,31308331.29,31308371.37,31308316.154,31308215.937,31308088.719,31308053.5,31344892.741,31344643.52,31342313.299,31342483.077,31342413.854,31342270.63,31341696.005,31341753.38,31326769.982,31327635.284,31329081.285,31329342.686,31329548.788,31327435.048,31327985.889,31327542.63,31337605.56
Pre-demographic dividend,PRE,GDP (current US$),NY.GDP.MKTP.CD,242238712773.83,244959218938.888,397040693431.745,224731322067.218,174864985460.838,182710500407.879,190512119843.382,280321612127.713,339779202888.236,372342820435.282,394007939420.991,245465540937.774,283217741818.426,269595630764.068,312135025048.78,340468658769.863,424234077245.53,531122307170.791,668501035348.266,808147234881.565,1008759607218.59,914568494528.633,1069026111074.64,1236913792349.94,1346198739594.6,1476570945874.25,1564268518633.72,1327649722440.53,1179646343672.88
Pre-demographic dividend,PRE,"Population, total",SP.POP.TOTL,400552017,411406002,422186377,432818968,445110952,459209732,474703936,489818238,503086910,516443569,531140936,546555560,562071710,578214152,595728391,613871091,632030219,650889143,669788208,688282695,708363596,729873044,751639870,774151525,797555707,821651825,845885930,869996107,894582467
Pre-demographic dividend,PRE,Land area (sq. km),AG.LND.TOTL.K2,17689981,17689981,17689981,17689981,17689981,17790981,17790981,17790981,17790981,17790981,17790981,17790981,17790981,17790981,17790981,17790981,17810963.625,17811006.326,17810985.031,17811013.606,17811038.494,17808000.592,17808706.103,17808984.989,20308908.12,20308688.278,20308675.185,20310683.825,20312628.559
Puerto Rico (US),PRI,GDP (current US$),NY.GDP.MKTP.CD,26385800000,28161200000,30603919000,32287031000,34630430000,36922456000,39690630000,42647331000,45340835000,48187039000,54086400000,57841000000,61701800000,69208400000,71623500000,74827400000,80322313000,83914521300,87276164400,89524131600,93639300000,96385600000,98381300000,100351700000,101564800000,102450000000,102445800000,103375500000,104336700000
Puerto Rico (US),PRI,"Population, total",SP.POP.TOTL,3473898,3505650,3537000,3562110,3585176,3615497,3649237,3683103,3724655,3759430,3781101,3800081,3810605,3818774,3823701,3826095,3826878,3821362,3805214,3782995,3760866,3740410,3724465,3693464,3661045,3631427,3585017,3535167,3480432
Puerto Rico (US),PRI,Land area (sq. km),AG.LND.TOTL.K2,8870,8870,8870,8870,8870,8870,8870,8870,8870,8870,8870,8870,8870,8870,8870,8870,8870,8870,8870,8870,8870,8870,8870,8870,8870,8870,8870,8870,8870
Qatar,QAT,GDP (current US$),NY.GDP.MKTP.CD,6038186813.18681,6487912087.91209,7360439560.43956,6883516483.51648,7646153846.15385,7156593406.59341,7374450549.45055,8137912087.91209,9059340659.34066,11297802197.8022,10255494505.4945,12393131868.1319,17759890109.8901,17538461538.4615,19363736263.7363,23533791208.7912,31734065934.0659,44530494505.4945,60882142857.1429,79711813186.8132,115269780219.78,97798351648.3516,125122252747.253,167775274725.275,186833502362.637,198727642967.033,206224598571.429,161739955576.923,151732181868.132
Qatar,QAT,"Population, total",SP.POP.TOTL,411264,425646,440175,454853,469657,484545,499459,514325,529019,550500,580540,612500,644989,677925,711205,744682,773332,825408,972831,1208595,1426938,1608903,1616832,1624761,1722438,1916426,2151745,2344557,2477113
Qatar,QAT,Land area (sq. km),AG.LND.TOTL.K2,11610,11610,11610,11610,11610,11610,11610,11610,11610,11610,11610,11610,11610,11610,11610,11610,11610,11610,11610,11610,11610,11610,11610,11610,11610,11610,11490,11490,11490
Romania,ROU,GDP (current US$),NY.GDP.MKTP.CD,40424528301.8868,41450777202.0725,38247882300.4904,28850634899.856,25121666666.6667,26361160449.9704,30072805104.2542,37430162102.6125,36937074278.3004,35575214078.2428,41696091973.7076,35953156753.739,37253739511.1273,40395116581.4832,46065502702.5817,57806384143.166,74973656851.8076,98454380120.0761,122023735992.706,174588782938.583,214315932061.275,174110532658.867,170064350671.827,192623977894.173,179117323107.087,189798603751.235,199722319675.741,177885131240.315,185290759248.844
Romania,ROU,"Population, total",SP.POP.TOTL,23057662,23161458,23201835,23001155,22794284,22763280,22730211,22684270,22619004,22553978,22507344,22472040,22442971,22131970,21730496,21574326,21451748,21319685,21193760,20882982,20537875,20367487,20246871,20147528,20058035,19983693,19908979,19815616,19702267
Romania,ROU,Land area (sq. km),AG.LND.TOTL.K2,230340,229350,229350,229460,229460,229460,229510,229490,229520,229530,229590,229600,229710,229710,229870,229950,230000,229980,229980,229890,229900,230060,230050,230170,230020,230030,230080,230080,230080
Russian Federation,RUS,GDP (current US$),NY.GDP.MKTP.CD,554828660436.137,506631299734.748,517014446227.929,517962962962.963,460290556900.726,435083713850.837,395077301248.464,395537185734.854,391724890744.498,404928954191.876,270955486862.442,195907128350.934,259710142196.943,306602070620.5,345470494417.863,430347420184.885,591016690732.385,764015973481.11,989932071352.543,1299703478481.65,1660848058303.11,1222645900055.7,1524916715223.95,2045922753398.04,2208293553878.42,2292470078346.22,2059241589895.01,1363482182197.71,1276786350881.14
Russian Federation,RUS,"Population, total",SP.POP.TOTL,146857000,147721000,147969406,148394216,148538197,148458777,148407912,148375787,148160129,147915361,147670784,147214776,146596869,145976482,145306497,144648618,144067316,143518814,143049637,142805114,142742366,142785348,142849468,143018195,143378447,143805638,144237223,144640716,145015460
Russian Federation,RUS,Land area (sq. km),AG.LND.TOTL.K2,..,..,..,..,16389950,16386180,16381330,16378380,16377960,16378650,16381300,16388510,16381340,16380440,16380940,16380980,16381230,16381390,16377740,16377740,16376870,16376870,16376870,16376870,16376870,16376870,16376870,16376870,16376870
Rwanda,RWA,GDP (current US$),NY.GDP.MKTP.CD,2395492686.81271,2405022593.08283,2550185679.11415,1911600236.67461,2029026961.55894,1971525711.83511,753636370.454545,1293535193.49248,1382334879.40812,1851558197.31088,1989343546.17594,2157108262.84452,2068836754.37431,1966600715.49841,1966003468.49117,2138237278.73822,2376496067.01198,2933819766.17656,3274207945.36553,4017977506.55904,5120655375.24365,5603399014.71331,6052276077.6354,6802676033.65947,7556673275.95438,7714276919.73722,8129984483.78727,8447064078.84373,8596812240.52305
Rwanda,RWA,"Population, total",SP.POP.TOTL,6968071,7184706,7375307,7526966,7683266,7981132,6792352,5674118,6708764,7755238,8081681,8147912,8213931,8287094,8400180,8586875,8816844,9054528,9299246,9549933,9804269,10060432,10317553,10573733,10829901,11093340,11364757,11640022,11919183
Rwanda,RWA,Land area (sq. km),AG.LND.TOTL.K2,24670,24670,24670,24670,24670,24670,24670,24670,24670,24670,24670,24670,24670,24670,24670,24670,24670,24670,24670,24670,24670,24670,24670,24670,24670,24670,24670,24670,24670
Samoa,WSM,GDP (current US$),NY.GDP.MKTP.CD,133016065.416065,122888609.715243,125766269.755358,125597205.422315,132303041.36253,133122897.196262,221098106.508876,224865731.381903,249907868.772424,285475591.89651,269485244.15511,255408060.259486,258856139.798489,266299591.479428,281790134.211972,333426188.41876,407747565.096959,476801793.159429,499923757.780736,573548459.833372,641346191.664776,628006115.424052,680260907.153983,744097050.169115,773141661.165548,797736334.281305,796683519.593842,824150498.653536,843924796.697421
Samoa,WSM,"Population, total",SP.POP.TOTL,168346,168768,169042,169368,170331,171774,173159,174571,176071,177547,178905,180275,181685,183166,184471,185430,186249,186978,187709,188753,190107,191513,193023,194713,196498,198268,200037,201782,203499
Samoa,WSM,Land area (sq. km),AG.LND.TOTL.K2,2830,2830,2830,2830,2830,2830,2830,2830,2830,2830,2830,2830,2830,2830,2830,2830,2830,2830,2830,2830,2830,2830,2830,2830,2830,2830,2830,2830,2830
San Marino,SMR,GDP (current US$),NY.GDP.MKTP.CD,..,..,..,..,..,..,..,..,..,976606910.602381,1048316225.70471,1109473282.23938,1007661290.98039,1059529731.10236,1148872076.47059,1462590387.05882,1715341294.5946,1786513631.1284,1909765810.58823,2188653428.62746,2403214435.9375,2064277984.375,1881191950,1813717694.55253,1604701051.17188,1678741201.56863,1673910988.23529,1419400395.73301,1468342400.08249
San Marino,SMR,"Population, total",SP.POP.TOTL,22843,23154,23475,23797,24125,24472,24823,25158,25482,25800,26125,26459,26799,27143,27491,27843,29457,29836,30184,31211,31662,33066,33270,32620,33469,33041,32655,32897,33101
San Marino,SMR,Land area (sq. km),AG.LND.TOTL.K2,60,60,60,60,60,60,60,60,60,60,60,60,60,60,60,60,60,60,60,60,60,60,60,60,60,60,60,60,60
Sao Tome and Principe,STP,GDP (current US$),NY.GDP.MKTP.CD,99000764.3902251,98545367.0431211,119297932.757045,107484142.71556,94861780.6228352,125742228.756741,131338414.584209,103695236.781001,135188165.74708,91920274.2401657,72285403.8423458,77302211.9248351,76198394.8202671,75951133.3777948,85171073.8777498,102085769.123419,114582283.916382,136450662.390592,142775104.081626,149146918.888611,188021165.00338,200668065.03175,190021192.489536,226455001.243083,229371348.441006,267041747.584354,293119143.246825,259999643.047388,292267272.196925
Sao Tome and Principe,STP,"Population, total",SP.POP.TOTL,116939,119979,122980,125697,128110,130467,132732,134895,136962,138922,140751,142442,144018,146375,149922,153814,157705,161639,165638,169700,173793,177853,181802,185649,189439,193148,196767,200291,203689
Sao Tome and Principe,STP,Land area (sq. km),AG.LND.TOTL.K2,960,960,960,960,960,960,960,960,960,960,960,960,960,960,960,960,960,960,960,960,960,960,960,960,960,960,960,960,960
Saudi Arabia,SAU,GDP (current US$),NY.GDP.MKTP.CD,88256074766.3551,95344459279.0387,117630173564.753,132223230974.633,137087850467.29,132967957276.368,135174899866.489,143343124165.554,158662483311.081,165963684913.218,146775466666.667,161717066666.667,189514933333.333,184137600000,189605866666.667,215807733333.333,258742133333.333,328459608764.111,376900133511.348,415964509673.115,519796800000,429097866666.667,528207466666.667,680660800000,751921333333.333,769755733333.333,787153066666.667,693414400000,689279466666.667
Saudi Arabia,SAU,"Population, total",SP.POP.TOTL,9629165,10128394,10640691,11160744,11686676,12215862,12750040,13289245,13831009,14374943,14922185,15472075,16177722,17041397,17910910,18786767,19669480,20559890,21459144,22368313,23287877,24217654,23978487,25091867,26168861,27624004,28309273,29816382,30954198
Saudi Arabia,SAU,Land area (sq. km),AG.LND.TOTL.K2,2149690,2149690,2149690,2149690,2149690,2149690,2149690,2149690,2149690,2149690,2149690,2149690,2149690,2149690,2149690,2149690,2149690,2149690,2149690,2149690,2149690,2149690,2149690,2149690,2149690,2149690,2149690,2149690,2149690
Senegal,SEN,GDP (current US$),NY.GDP.MKTP.CD,6418419388.63499,6366039372.53683,7390967360.42121,7255210469.51743,7769817839.95644,7367986241.21869,5034588195.55806,6326342633.4034,6559712165.96508,6041478725.90443,6505607909.05324,6592834932.80876,6013185003.97525,6507824829.26254,7006402319.75856,8768721563.18211,10076816666.6196,11009033437.939,11697918243.0035,13994218412.9619,16853989627.548,16145867494.9405,16121315909.0758,17814283639.3119,17660870411.5235,18918667724.8817,19797253440.2679,17774766696.1759,19040312333.1864
Senegal,SEN,"Population, total",SP.POP.TOTL,7289618,7502207,7720523,7943085,8168395,8396288,8624078,8848101,9067014,9283495,9502952,9730887,9968260,10212942,10466214,10721176,10975704,11235472,11500094,11770344,12048959,12337389,12635413,12958897,13310495,13710849,14152102,14593331,15034521
Senegal,SEN,Land area (sq. km),AG.LND.TOTL.K2,192530,192530,192530,192530,192530,192530,192530,192530,192530,192530,192530,192530,192530,192530,192530,192530,192530,192530,192530,192530,192530,192530,192530,192530,192530,192530,192530,192530,192530
Serbia,SRB,GDP (current US$),NY.GDP.MKTP.CD,..,..,..,..,..,..,..,17921892655.3672,23277430167.5978,27153408994.8074,21004077441.4802,20878694850.5767,7326373882.11044,13599378661.9952,17930583571.3055,23593044417.5086,26845632341.8075,28334256180.8801,33298057361.7412,44888028946.0854,54220641201.6474,46955984409.7271,43536629233.1424,51251098408.0924,45103269969.4112,50455529604.0696,49114321280.3466,41297410634.9586,42225495909.5633
Serbia,SRB,"Population, total",SP.POP.TOTL,7884218,7893787,7897937,7595636,7604063,7614328,7622711,7628264,7622185,7598538,7567745,7540401,7516346,7503433,7500031,7480591,7463157,7440769,7411569,7381579,7350222,7320807,7291436,7236519,7201497,7166553,7131787,7095383,7058322
Serbia,SRB,Land area (sq. km),AG.LND.TOTL.K2,..,..,..,..,..,..,..,..,..,..,..,..,..,..,..,..,..,..,87460,87460,87460,87460,87460,87460,87460,87460,87460,87460,87460
Seychelles,SYC,GDP (current US$),NY.GDP.MKTP.CD,301985618.085556,324333366.514829,392163560.868669,398307169.860405,461409398.855893,504230620.551871,517570058.151034,540733047.733048,535250347.089479,598966982.350186,647287375.762528,662838614.880674,654212394.27164,662064155.920692,742134837.50919,750847230.099263,893012218.181818,977899381.818182,1081441283.31798,1077308813.82945,979597394.293453,850901620.433301,981616542.328454,1058918707.26124,1089407839.19709,1333160407.38516,1387577870.08161,1432403352.12944,1568513348.14463
Seychelles,SYC,"Population, total",SP.POP.TOTL,68755,69167,69507,70439,70763,72253,74205,75304,76417,77319,78846,80410,81131,81202,83723,82781,82475,82858,84600,85033,86956,87298,89770,87441,88303,89949,91359,93419,94677
Seychelles,SYC,Land area (sq. km),AG.LND.TOTL.K2,460,460,460,460,460,460,460,460,460,460,460,460,460,460,460,460,460,460,460,460,460,460,460,460,460,460,460,460,460
Sierra Leone,SLE,GDP (current US$),NY.GDP.MKTP.CD,1055083933.07498,932974420.276529,649644097.566129,779981987.10656,679940813.948366,768867882.965994,911853802.365613,870740291.519248,941709422.502965,850232760.017239,672368187.114756,669386623.951402,635866403.776065,1681473893.76655,1933863910.73227,2142618045.93129,2237350687.46606,2545275312.60512,3263697466.73514,3632957611.35152,4157895298.19572,3953403098.37107,4262805966.78755,4861632884.67985,6141666509.36295,7502762862.72657,7686138790.90872,6788352974.78329,6084297211.10217
Sierra Leone,SLE,"Population, total",SP.POP.TOTL,3934517,4034037,4196828,4246267,4166366,4157130,4173105,4179179,4199210,4253716,4295785,4318043,4423611,4692716,4971435,5177687,5355717,5501712,5624466,5749352,5894722,6055646,6222714,6387251,6551080,6714051,6876385,7037655,7205328
Sierra Leone,SLE,Land area (sq. km),AG.LND.TOTL.K2,72180,72180,72180,72180,72180,72180,72180,72180,72180,72180,72180,72180,72180,72180,72180,72180,72180,72180,72180,72180,72180,72180,72180,72180,72180,72180,72180,72180,72180
Singapore,SGP,GDP (current US$),NY.GDP.MKTP.CD,25371462488.1292,30465364738.6206,36144336768.7023,45466164978.2923,52131320032.8797,60603815716.2653,73688724431.1412,87812540788.4293,96293086513.0872,100123787215.299,85728207781.7785,86286849754.8905,96076539925.7409,89793790669.6515,92538372869.6942,97646401095.6369,115033593101.049,127807848728.398,148627286361.351,180941701357.97,193617323539.203,194150283771.566,239807980591.24,279356499090.458,295092888076.589,307576360584.992,314863580758.455,307998545269.398,320759207438.623
Singapore,SGP,"Population, total",SP.POP.TOTL,2846108,2930901,3047132,3135083,3230698,3313471,3419048,3524506,3670704,3796038,3927213,3958723,4027887,4138012,4175950,4114826,4166664,4265762,4401365,4588599,4839396,4987573,5076732,5183688,5312437,5399162,5469724,5535002,5607283
Singapore,SGP,Land area (sq. km),AG.LND.TOTL.K2,670,670,670,670,670,670,670,670,670,670,670,670,670,670,675,687,689,689,694,695,700,700,702,704,706,707,709,709,709
Sint Maarten (Dutch part),SXM,GDP (current US$),NY.GDP.MKTP.CD,..,..,..,..,..,..,..,..,..,..,..,..,..,..,..,..,..,..,..,..,..,854972067.039106,892290502.793296,936089385.47486,985865921.787709,1022905027.93296,1361811508.37989,1417888715.0838,1427017206.70391
Sint Maarten (Dutch part),SXM,"Population, total",SP.POP.TOTL,24357,26169,28061,30046,31567,32026,31917,31772,31598,31404,31193,30977,30773,30726,30960,31327,31690,32057,32428,32791,33145,33491,33794,34267,35023,35854,36672,37471,38249
Sint Maarten (Dutch part),SXM,Land area (sq. km),AG.LND.TOTL.K2,..,..,..,..,..,..,..,..,..,..,..,..,..,..,..,..,..,..,..,..,..,..,..,34,34,34,34,34,34
Slovak Republic,SVK,GDP (current US$),NY.GDP.MKTP.CD,..,..,17068924601.58,11952983607.5985,12932972788.7293,13991963247.0881,16187735322.0356,20306095054.0841,21864845213.7406,22026728498.4531,22911708404.9614,20813421086.4137,20626538612.3376,21377597034.604,24768142566.4057,33761723945.8299,42960730480.0495,48823790951.4538,57111148619.2975,77019443089.3052,96685492864.2317,89342984697.5246,91112160800.7668,99705104723.4341,94724394278.052,99134277850.3418,101713075598.862,89178548717.3324,90347173228.6356
Slovak Republic,SVK,"Population, total",SP.POP.TOTL,5250596,5275942,5299187,5303294,5305016,5325305,5346331,5361999,5373361,5383291,5390516,5396020,5388720,5378867,5376912,5373374,5372280,5372807,5373054,5374622,5379233,5386406,5391428,5398384,5407579,5413393,5418649,5423801,5430798
Slovak Republic,SVK,Land area (sq. km),AG.LND.TOTL.K2,..,..,..,..,..,48100,48100,48100,48100,48100,48100,48100,48100,48100,48100,48110,48100,48100,48100,48100,48100,48090,48091,48088,48088,48088,48080,48082,48080
Slovenia,SVN,GDP (current US$),NY.GDP.MKTP.CD,..,..,19832029087.1272,14454495058.907,14277261540.7456,14449298371.7879,16400767069.6294,21367422159.3207,21470699362.6062,20726878751.5006,22058635314.4836,22609669083.7179,20159190701.6789,20668868706.8115,23214593516.2095,29360575031.8177,34156553313.4031,35947936823.7781,39260368837.0342,47880266542.577,55509332322.3578,49975540954.8465,47793117240.9001,51199194599.3094,46167053954.3367,47867056858.8892,49514466379.6057,42709468274.8137,44290685824.0682
Slovenia,SVN,"Population, total",SP.POP.TOTL,1995196,1996351,1998161,1999429,1996498,1991746,1989443,1989872,1988628,1985956,1981629,1983045,1988925,1992060,1994530,1995733,1997012,2000474,2006868,2018122,2021316,2039669,2048583,2052843,2057159,2059953,2061980,2063531,2065042
Slovenia,SVN,Land area (sq. km),AG.LND.TOTL.K2,..,..,..,..,20140,20140,20140,20140,20140,20140,20140,20140,20140,20140,20140,20140,20140,20140,20140,20140,20146.2,20145.8,20146.2,20146,20145.7,20140,20140,20142.6,20142
Small states,SST,GDP (current US$),NY.GDP.MKTP.CD,41025318188.0561,41503137702.0696,47935378887.7763,50019032461.5015,53255036349.5165,51480858165.3107,55022851743.2451,63080936208.5003,65815856108.6083,69056214779.699,70249508073.8252,74261596877.6893,76518051310.254,77518242593.9385,83416069983.4625,99644317338.348,115420457208.667,129913596278.825,145909077802.476,171436169405.063,189249315966.561,161799686490.784,172229082958.886,193240230206.073,194132843203.259,201677128538.424,208949943932.74,193179840479.883,195897524567.684
Small states,SST,"Population, total",SP.POP.TOTL,13924070,14148870,14379862,14610383,14735408,14837410,14970002,15087617,15248657,15435138,15624755,15698038,15786741,16017863,16250203,16441139,16597133,16699341,16868546,17047450,17228345,17398922,17575200,17748220,17926451,18107202,18292084,18482578,18671045
Small states,SST,Land area (sq. km),AG.LND.TOTL.K2,688141.61,688141.61,688141.61,689481.61,731871.61,731871.61,724948.61,724948.61,724948.61,724948.61,724948.61,724948.61,724948.61,724948.61,724948.61,724948.61,723265.61,723265.61,736715.61,736715.61,736715.61,736715.61,736715.61,736682.61,736682.61,737762.61,737762.61,737762.61,737789.61
Solomon Islands,SLB,GDP (current US$),NY.GDP.MKTP.CD,176494394.043362,172882410.578561,214877666.846068,227540473.340087,269034595.812985,300746361.128739,402837005.272596,469443201.503274,510586430.190127,526554005.954357,457579840.225066,488024514.369359,419842674.227652,409508552.979972,346406738.885237,417666638.600021,468000121.313434,552881356.697517,617257457.758489,695291217.982227,776335523.470373,805557289.459198,898128551.289162,1063898226.71892,1185217634.37393,1285905957.64116,1335576762.84974,1307908813.59962,1379486290.71433
Solomon Islands,SLB,"Population, total",SP.POP.TOTL,311265,321282,331435,341738,352205,362839,373675,384733,396009,407474,419071,430500,440469,449125,457671,466154,474611,483080,491594,500156,508790,518141,532968,552945,573606,594945,616908,639415,662379
Solomon Islands,SLB,Land area (sq. km),AG.LND.TOTL.K2,27990,27990,27990,27990,27990,27990,27990,27990,27990,27990,27990,27990,27990,27990,27990,27990,27990,27990,27990,27990,27990,27990,27990,27990,27990,27990,27990,27990,27990
"Somalia, Fed. Rep.",SOM,GDP (current US$),NY.GDP.MKTP.CD,1051596967.1287,1181360843.93549,1031282081.16683,717974929.763158,709297578.5,1260132955.78746,1481205097.98113,1534756134.55022,1792234297.39194,2191749013.58124,2962047564.41651,3045751527.66005,3412797450.20112,2252847464.68608,2192684134.59273,2836724351.5616,3859592813.10255,4683246454.10048,5026743282.04251,5430713728.89074,5913620292.90573,2948594552.44952,2687807003.73935,2906000096.93249,4364670159.99578,5062881600.00104,5728399719.99958,6152149099.99942,6613743069.99912
"Somalia, Fed. Rep.",SOM,"Population, total",SP.POP.TOTL,7235360,7114817,7082811,6813760,6495107,6681399,7026797,7285007,7554474,7824525,8155417,8492059,8838713,9198493,9550063,9909157,10280998,10644228,10975502,11322582,11663084,11961201,12261756,12348830,12461160,12869594,13339491,13806963,14348740
"Somalia, Fed. Rep.",SOM,Land area (sq. km),AG.LND.TOTL.K2,627340,627340,627340,627340,627340,627340,627340,627340,627340,627340,627340,627340,627340,627340,627340,627340,627340,627340,627340,627340,627340,627340,627340,627340,627340,627340,627340,627340,627340
South Africa,ZAF,GDP (current US$),NY.GDP.MKTP.CD,103976831870.957,108055624081.806,126048140141.869,135203698237.977,146956150986.636,147194747565.75,153512712381.836,171735933897.331,163234925380.563,168978057327.73,152982984557.233,151516957078.536,151752757215.309,135429905922.526,129087556612.449,197018965308.697,255806908594.573,288867217196.534,303858675363.643,333077117253.684,316131258616.309,329754060647.129,417363822801.713,458199494830.834,434400545085.811,400886013595.573,381198869776.106,346709790458.563,323585509674.481
South Africa,ZAF,"Population, total",SP.POP.TOTL,38480649,39628575,40746268,41687898,42443509,43297156,44004139,44541554,45123018,45666838,46223880,46730335,47159719,47566800,48019415,48500348,48991421,49490033,49998277,50528584,51114599,51728516,52344051,52995205,53782567,54678791,55594838,56723537,57259551
South Africa,ZAF,Land area (sq. km),AG.LND.TOTL.K2,1213090,1213090,1213090,1213090,1213090,1213090,1213090,1213090,1213090,1213090,1213090,1213090,1213090,1213090,1213090,1213090,1213090,1213090,1213090,1213090,1213090,1213090,1213090,1213090,1213090,1213090,1213090,1213090,1213090
South Asia,SAS,GDP (current US$),NY.GDP.MKTP.CD,334074870363.848,335790574664.33,364740287587.943,314469355543.217,333546277429.535,327009281232.946,377442853701.433,416341940329.578,458508459742.388,484982931205.649,492856423475.407,531825749349.825,544940514563.357,562554379798.02,593707009776.721,694775911444.331,804159915389.764,924419567611.272,1051884831127.45,1342148092012.26,1347380565219.4,1502961023415.75,1869826822336.76,2045738549406.63,2057958207007.53,2111097580244.47,2323062261802.12,2414503392327.99,2679313169084.49
South Asia,SAS,"Population, total",SP.POP.TOTL,970044151,991571016,1013297018,1035058149,1057074570,1079256381,1101305517,1123515559,1145998648,1168625898,1191405930,1214263809,1237185482,1260149056,1282584796,1304347790,1325950587,1346886384,1367187349,1386949456,1406047164,1425370200,1444967010,1464372623,1483553073,1501661991,1519839246,1537370078,1555111864
South Asia,SAS,Land area (sq. km),AG.LND.TOTL.K2,3356093,3356093,3356093,3356093,3356093,3356093,3349170,3349170,3349170,3349170,3349170,3349170,3349520,3349520,3349520,3349520,3347837,3347837,3347837,3347837,3347837,3347837,3347837,3347837,3347837,3347837,3347837,3347020,3347047
South Asia (IDA & IBRD),TSA,GDP (current US$),NY.GDP.MKTP.CD,334074870363.848,335790574664.33,364740287587.943,314469355543.217,333546277429.535,327009281232.946,377442853701.433,416341940329.578,458508459742.388,484982931205.649,492856423475.407,531825749349.825,544940514563.357,562554379798.02,593707009776.721,694775911444.331,804159915389.764,924419567611.271,1051884831127.45,1342148092012.26,1347380565219.4,1502961023415.75,1869826822336.76,2045738549406.63,2057958207007.53,2111097580244.47,2323062261802.12,2414503392327.99,2679313169084.49
South Asia (IDA & IBRD),TSA,"Population, total",SP.POP.TOTL,970044151,991571016,1013297018,1035058149,1057074570,1079256381,1101305517,1123515559,1145998648,1168625898,1191405930,1214263809,1237185482,1260149056,1282584796,1304347790,1325950587,1346886384,1367187349,1386949456,1406047164,1425370200,1444967010,1464372623,1483553073,1501661991,1519839246,1537370078,1555111864
South Asia (IDA & IBRD),TSA,Land area (sq. km),AG.LND.TOTL.K2,3356093,3356093,3356093,3356093,3356093,3356093,3349170,3349170,3349170,3349170,3349170,3349170,3349520,3349520,3349520,3349520,3347837,3347837,3347837,3347837,3347837,3347837,3347837,3347837,3347837,3347837,3347837,3347020,3347047
South Sudan,SSD,GDP (current US$),NY.GDP.MKTP.CD,..,..,..,..,..,..,..,..,..,..,..,..,..,..,..,..,..,..,..,..,14586253383.0632,12231264525.0671,14602072410.9506,14907308932.7534,11931472169.4915,18426469016.9492,13962212847.4576,11997800760.2242,..
South Sudan,SSD,"Population, total",SP.POP.TOTL,4848029,4713229,4737633,4836677,4909749,4956002,5071184,5225836,5356925,5509136,5620068,5771628,6032267,6308391,6596806,6903127,7233041,7590143,7976526,8388788,8817647,9243556,9745953,10288109,10756240,11166275,11235073,11107561,10830102
South Sudan,SSD,Land area (sq. km),AG.LND.TOTL.K2,..,..,..,..,..,..,..,..,..,..,..,..,..,..,..,..,..,..,..,..,..,..,..,..,631930,631930,631930,631930,631930
Spain,ESP,GDP (current US$),NY.GDP.MKTP.CD,375891716897.586,414460794096.978,536175326477.31,576753902321.857,630465353486.104,524700572623.872,530183651720.283,614170002668.802,642251412058.321,589739772727.273,618731484575.12,634394904386.874,598102854756.08,627798682378.741,708938227243.923,907963217057.645,1069829382514.67,1154667551775.88,1261846683275.29,1476746276854.51,1636115447612.5,1496587590847.66,1427989078916.67,1487568659241.25,1330994811670.31,1362186923157.65,1380244561361.96,1206164777553.12,1243015667917.12
Spain,ESP,"Population, total",SP.POP.TOTL,38766939,38827764,38867322,38966376,39157685,39361262,39549108,39724050,39889852,40057389,40223509,40386875,40567864,40850412,41431558,42187645,42921895,43653155,44397319,45226803,45954106,46362946,46576897,46742697,46773055,46604197,46460733,46422303,46458139
Spain,ESP,Land area (sq. km),AG.LND.TOTL.K2,499440,499440,499440,499440,499440,499440,499440,499440,499440,499440,499440,499440,499000,498520,499040,499210,499180,499090,498980,499110,498800,498660,500010,499880,500210,500210,500210,499661,499564
Sri Lanka,LKA,GDP (current US$),NY.GDP.MKTP.CD,6978371581.26375,6987267683.77254,8032551173.24014,9000362581.58086,9703011635.86585,10338679635.7616,11717604208.8223,13029697560.9756,13897738375.2488,15091913883.7091,15760736956.1852,15711933513.2831,16595882818.6857,15749753804.8344,16536535647.0834,18881765437.2151,20662525941.2985,24405791044.7761,28267410542.5164,32350238760.4239,40713826215.0093,42066224093.0065,58636049581.1712,67753285882.299,70447216891.3366,76976204074.978,82531125461.843,85090300895.6546,88000210878.1236
Sri Lanka,LKA,"Population, total",SP.POP.TOTL,16078621,16248557,16352458,16475354,16739284,17025918,17275773,17564068,17905018,18248200,18596003,18944731,19293054,19600362,19805752,19951521,20087605,20216524,20352411,20492545,20629378,20756435,20879089,21009048,21169458,20585000,20778000,20970000,21209000
Sri Lanka,LKA,Land area (sq. km),AG.LND.TOTL.K2,62710,62710,62710,62710,62710,62710,62710,62710,62710,62710,62710,62710,62710,62710,62710,62710,62710,62710,62710,62710,62710,62710,62710,62710,62710,62710,62710,61893,61893
St. Kitts and Nevis,KNA,GDP (current US$),NY.GDP.MKTP.CD,172692592.592593,192518518.518518,217259259.259259,220540740.740741,242137037.037037,263755555.555556,295159259.259259,313485185.185185,333944444.444444,374641307.974641,383257331.40548,406595484.373262,421695769.843918,458643829.014199,481077373.669966,469869869.86987,506900000,547203703.703704,644414814.814815,689285185.185185,777692592.592593,774274074.074074,778718518.518518,836092592.592593,824585185.185185,874548148.148148,952111111.111111,957222222.222222,1006818518.51852
St. Kitts and Nevis,KNA,"Population, total",SP.POP.TOTL,41062,40758,40432,40358,40715,41242,41776,42326,42877,43428,43998,44601,45248,45761,46020,46176,46315,46437,46569,46706,46835,46916,46846,46886,47033,47069,47089,47087,47075
St. Kitts and Nevis,KNA,Land area (sq. km),AG.LND.TOTL.K2,260,260,260,260,260,260,260,260,260,260,260,260,260,260,260,260,260,260,260,260,260,260,260,260,260,260,260,260,260
St. Lucia,LCA,GDP (current US$),NY.GDP.MKTP.CD,429629629.62963,486666666.666667,579629629.62963,613703703.703704,674074074.074074,684814814.814815,713703703.703704,762962962.962963,788888888.888889,805925925.925926,877407407.407407,921851851.851852,932592592.592592,892592592.592592,900000000,987407407.407407,1066666666.66667,1135555555.55556,1268319185.18519,1336088814.81481,1437731111.11111,1401507888.88889,1482385185.18519,1568370370.37037,1598207407.40741,1660392592.59259,1749185185.18518,1807640740.74074,1868544444.44444
St. Lucia,LCA,"Population, total",SP.POP.TOTL,135000,136512,137857,139520,141617,143726,145890,148208,150436,152569,154677,156702,158616,160237,161641,162976,164239,165450,166639,167758,168808,169869,170906,171801,172587,173369,174138,174905,175646
St. Lucia,LCA,Land area (sq. km),AG.LND.TOTL.K2,610,610,610,610,610,610,610,610,610,610,610,610,610,610,610,610,610,610,610,610,610,610,610,610,610,610,610,610,610
St. Martin (French part),MAF,GDP (current US$),NY.GDP.MKTP.CD,..,..,..,..,..,..,..,..,..,..,..,..,..,..,..,..,..,..,..,..,..,..,..,775875748.523832,..,..,772921958.529509,..,..
St. Martin (French part),MAF,"Population, total",SP.POP.TOTL,23749,26453,28224,28800,29081,29282,29413,29470,29443,29323,29107,29284,29996,30803,31604,32395,33171,33928,34658,35337,35958,36502,36856,37069,37276,37419,37450,37369,37175
St. Martin (French part),MAF,Land area (sq. km),AG.LND.TOTL.K2,..,..,..,..,..,..,..,..,..,..,..,..,..,..,..,..,..,..,..,..,..,..,..,50,50,50,50,50,50
St. Vincent and the Grenadines,VCT,GDP (current US$),NY.GDP.MKTP.CD,200726712.592593,214745002.222222,240366666.666667,254829629.62963,277955555.555556,286307407.407407,289437037.037037,316007407.407407,331488888.888889,347770370.37037,373618518.518519,390718518.518519,427946037.037037,462072333.333333,487763851.851852,509090888.888889,549900185.185185,579948925.925926,643501148.148148,713596666.666667,732663259.259259,714300259.259259,720447888.888889,713796370.37037,730032592.592593,764781259.259259,770900000,786555555.555555,814303703.703704
St. Vincent and the Grenadines,VCT,"Population, total",SP.POP.TOTL,110658,111272,111812,112222,112509,112735,112918,113047,113119,113141,113180,113366,113545,113501,113347,113141,112835,112450,112014,111531,111028,110508,109959,109349,108736,108135,107535,106960,106349
St. Vincent and the Grenadines,VCT,Land area (sq. km),AG.LND.TOTL.K2,390,390,390,390,390,390,390,390,390,390,390,390,390,390,390,390,390,390,390,390,390,390,390,390,390,390,390,390,390
Sub-Saharan Africa,SSF,GDP (current US$),NY.GDP.MKTP.CD,318689734593.005,324390296940.169,379792346523.418,406697411520.779,365899500396.638,369858677464.712,378181813146.723,481079007260.503,537530179194.328,565282993319.412,566816310317.237,404651982255.301,428788727164.408,410936482186.298,449501126211.834,565920228913.281,702843567490.156,836994144673.233,988827706638.027,1145187476948.82,1300970976245.49,1241887642937.02,1469543958178.5,1650873639675.29,1717201201150.92,1825391175423.92,1902822047308.01,1687942836834.48,1532640901655.94
Sub-Saharan Africa,SSF,"Population, total",SP.POP.TOTL,492715455,506724902,521029972,535328746,549973046,565251301,580483156,596081868,612267246,628567583,645494313,662922716,680768792,699215347,718276009,737918076,758237956,779233636,800828364,823124982,846224198,869926373,894259855,919112234,944523292,970746312,997426231,1024659421,1052166739
Sub-Saharan Africa,SSF,Land area (sq. km),AG.LND.TOTL.K2,20140391,20140391,20140391,20140391,20140391,21241391,21241391,21241391,21241391,21241391,21241391,21241391,21241391,21241391,21241391,21241391,21389970.925,21390016.126,21390008.231,21390054.806,21390016.794,21390049.192,21390737.103,21390987.089,23890917.22,23890879.378,23890832.485,23892842.225,23894806.059
Sub-Saharan Africa (excluding high income),SSA,GDP (current US$),NY.GDP.MKTP.CD,318387278274.655,324065103015.043,379398895465.495,406298212694.08,365435981519.312,369351885276.884,377661601267.351,480536248746.56,536993447940.282,564682059532.031,566166520917.656,403985079543.677,428130754795.261,410270416419.428,448754410667.31,565165696847.835,701946427139.91,836012300136.335,987742442581.503,1144107728262.45,1299991378851.19,1241036741316.59,1468562341636.17,1649814720968.03,1716111793311.73,1824058015016.54,1901434469437.93,1686510433482.35,1531072388307.79
Sub-Saharan Africa (excluding high income),SSA,"Population, total",SP.POP.TOTL,492646700,506655735,520960465,535258307,549902283,565179048,580408951,596006564,612190829,628490264,645415467,662842306,680687661,699134145,718192286,737835295,758155481,779150778,800743764,823039949,846137242,869839075,894170085,919024793,944434989,970656363,997334872,1024566002,1052072062
Sub-Saharan Africa (excluding high income),SSA,Land area (sq. km),AG.LND.TOTL.K2,20139931,20139931,20139931,20139931,20139931,21240931,21240931,21240931,21240931,21240931,21240931,21240931,21240931,21240931,21240931,21240931,21389510.925,21389556.126,21389548.231,21389594.806,21389556.794,21389589.192,21390277.103,21390527.089,23890457.22,23890419.378,23890372.485,23892382.225,23894346.059
Sub-Saharan Africa (IDA & IBRD countries),TSS,GDP (current US$),NY.GDP.MKTP.CD,318689734593.005,324390296940.169,379792346523.418,406697411520.779,365899500396.638,369858677464.712,378181813146.723,481079007260.503,537530179194.328,565282993319.412,566816310317.237,404651982255.302,428788727164.409,410936482186.298,449501126211.834,565920228913.281,702843567490.156,836994144673.233,988827706638.027,1145187476948.82,1300970976245.49,1241887642937.02,1469543958178.5,1650873639675.29,1717201201150.92,1825391175423.92,1902822047308.01,1687942836834.48,1532640901655.94
Sub-Saharan Africa (IDA & IBRD countries),TSS,"Population, total",SP.POP.TOTL,492715455,506724902,521029972,535328746,549973046,565251301,580483156,596081868,612267246,628567583,645494313,662922716,680768792,699215347,718276009,737918076,758237956,779233636,800828364,823124982,846224198,869926373,894259855,919112234,944523292,970746312,997426231,1024659421,1052166739
Sub-Saharan Africa (IDA & IBRD countries),TSS,Land area (sq. km),AG.LND.TOTL.K2,20140391,20140391,20140391,20140391,20140391,21241391,21241391,21241391,21241391,21241391,21241391,21241391,21241391,21241391,21241391,21241391,21389970.925,21390016.126,21390008.231,21390054.806,21390016.794,21390049.192,21390737.103,21390987.089,23890917.22,23890879.378,23890832.485,23892842.225,23894806.059
Sudan,SDN,GDP (current US$),NY.GDP.MKTP.CD,14372555555.5556,21408111111.1111,33641222222.2222,44171194366.2039,7031933491.84899,8881005435.80602,12793794737.042,13830363899.9163,9018300724.66086,11681175864.3383,11250221536.7484,10682028339.6898,12257299147.2936,15716361792.1926,18137128388.3606,21355298459.5955,26646007250.7319,35182711987.974,45263831634.1497,59440139774.8128,64833083257.1431,51621044076.9231,58962978034.4828,55018567210.5263,37632919966.6667,43024018082.1918,49516748617.9775,51726758676.7677,42630376000
Sudan,SDN,"Population, total",SP.POP.TOTL,21138431,21578022,22021481,22470676,22927355,23445592,24043948,24672143,25231528,25799821,26458999,27130613,27816745,28516770,29228727,29896035,30556637,31262444,31992435,32764135,33623980,34569113,35414399,36140806,36923178,37785849,38823318,40024431,41259892
Sudan,SDN,Land area (sq. km),AG.LND.TOTL.K2,..,..,..,..,..,..,..,..,..,..,..,..,..,..,..,..,..,..,..,..,..,..,..,..,1868000,1868000,1868000,1868000,1868000
Suriname,SUR,GDP (current US$),NY.GDP.MKTP.CD,1161000000,542600000,388400000,448100000,404600000,428764705.882353,605492537.313433,691590497.737557,861372806.2082,926422500,1110850000,886290697.674419,947671969.69697,834279357.798165,1093574468.08511,1274190311.41869,1484092538.40527,1793410397.38738,2626380435.17877,2936612021.85792,3532969034.60838,3875409836.06557,4368370997.92126,4422276621.78703,4980000000,5145757575.75758,5240606060.60606,5126237646.22072,3317421648.09918
Suriname,SUR,"Population, total",SP.POP.TOTL,402227,408409,412493,415013,417589,419352,422375,429606,438830,448067,457406,466916,476643,486560,496551,506414,513923,519313,524997,531016,537245,543568,549923,556269,562633,569020,575373,581627,587757
Suriname,SUR,Land area (sq. km),AG.LND.TOTL.K2,160507.61,160507.61,160507.61,160507.61,160507.61,160507.61,160507.61,160507.61,160507.61,160507.61,160507.61,160507.61,160507.61,160507.61,160507.61,160507.61,160507.61,160507.61,160507.61,160507.61,160507.61,160507.61,160507.61,160507.61,160507.61,160507.61,160507.61,160507.61,160507.61
Sweden,SWE,GDP (current US$),NY.GDP.MKTP.CD,206686590775.558,217632340194.512,261466577008.853,273831464572.137,283908914454.48,212644602615.823,228699066874.028,267050453506.792,291949597375.485,268249616890.856,270887306758.576,274318357862.122,262903560280.282,242497797484.776,267371907446.776,334072443515.576,384545442175.019,391688455928.597,422528394459.353,490047789548.441,514614100832.941,434311714442.499,492750897239.447,570538581144.45,549739674655.127,584125353119.18,577727767303.596,501602351911.6,513058312950.939
Sweden,SWE,"Population, total",SP.POP.TOTL,8436489,8492964,8558835,8617375,8668067,8718561,8780745,8826939,8840998,8846062,8850974,8857874,8872109,8895960,8924958,8958229,8993531,9029572,9080505,9148092,9219637,9298515,9378126,9449213,9519374,9600379,9696110,9799186,9923085
Sweden,SWE,Land area (sq. km),AG.LND.TOTL.K2,407339.7,407339.7,407339.7,407339.7,407339.7,407339.7,407339.7,407339.7,407339.7,407339.7,407339.7,407339.7,407339.7,407339.7,407339.7,407339.7,407339.7,407339.7,407339.7,407339.7,407339.7,407339.7,407339.7,407339.7,407339.7,407339.7,407339.7,407310.64,407310.64
Switzerland,CHE,GDP (current US$),NY.GDP.MKTP.CD,218788504066.152,211241694480.103,269768238554.564,272953645746.165,284139428246.338,276339744179.751,305916331797.909,358152520084.567,345373647249.191,298868250534.004,306907741067.733,301911268140.061,282327351965.893,290160142213.795,313930961760.554,366563952624.935,409012909529.554,424511048024.414,448364681767.427,498993845384.872,574703945157.419,563659557945.042,609999593541.9,727231637101.778,697882536676.898,718748402259.576,741168119616.628,706199008878.656,698607778794.566
Switzerland,CHE,"Population, total",SP.POP.TOTL,6593386,6646912,6715519,6799978,6875364,6938265,6993795,7040687,7071850,7088906,7110001,7143991,7184250,7229854,7284753,7339001,7389625,7437115,7483934,7551117,7647675,7743831,7824909,7912398,7996861,8089346,8188649,8282396,8373338
Switzerland,CHE,Land area (sq. km),AG.LND.TOTL.K2,39529.11,39529.19,39529.27,39529.35,39529.43,39529.51,39529.59,39529.67,39528.454,39527.237,39526.019,39524.8,39523.581,39522.36,39521.139,39519.917,39518.694,39517.47,39516.245,39515.02,39514.422,39513.824,39513.225,39512.626,39512.028,39511.428,39510.829,39510.23,39509.63
Syrian Arab Republic,SYR,GDP (current US$),NY.GDP.MKTP.CD,10577041644.9944,9853395761.63227,12308624417.8268,12981833333.3333,13253565861.1424,13695962055.4771,10122020000,11396706586.8263,13789560878.2435,14505233463.035,15200846153.8462,15873875968.9922,18937031609.7969,20078599626.0129,20786986579.9105,21828144686.0394,25086910447.9968,28858937499.1801,33751812958.6391,40465331020.308,52557913397.4638,54111721043.8087,61390833272.6687,67539433544.3077,43190318032.5627,21361254634.9336,21502061466.067,16466861435.0236,12597854088.3602
Syrian Arab Republic,SYR,"Population, total",SP.POP.TOTL,11782264,12179060,12579208,12980821,13385571,13795686,14208583,14616801,15018104,15417542,15820413,16228061,16637888,17051338,17468332,17889296,18336875,18814091,19637022,20884125,21636564,21976969,22482421,22878098,22759763,21666917,20273659,19424618,19193834
Syrian Arab Republic,SYR,Land area (sq. km),AG.LND.TOTL.K2,183780,183780,183780,183780,183780,183780,183780,183780,183780,183780,183780,183780,183780,183780,183780,183590,183570,183570,183630,183640,183640,183640,183630,183630,183630,183630,183630,183630,183630
Tajikistan,TJK,GDP (current US$),NY.GDP.MKTP.CD,..,..,2629395066.27017,2536585365.85366,1908554572.27139,1646623195.15603,1522001205.54551,1231561860.39946,1043654822.33503,921518032.909326,1320199581.52261,1086612290.27171,860541842.263697,1080772551.29433,1221106220.2868,1555318261.4172,2076176869.41089,2312352020.6689,2830213848.6203,3719524540.86193,5161299725.27673,4979472364.4534,5642221099.17704,6522756255.012,7633036903.07634,8448411318.25417,9112605459.32845,8271431485.07484,6992416096.89018
Tajikistan,TJK,"Population, total",SP.POP.TOTL,5114989,5267249,5398768,5541205,5649400,5724993,5825368,5948584,6066523,6139829,6176397,6208370,6284735,6407377,6531669,6658575,6790547,6924720,7057566,7194477,7338403,7490230,7652141,7824785,8014084,8216724,8425552,8643840,8865631
Tajikistan,TJK,Land area (sq. km),AG.LND.TOTL.K2,..,..,..,..,139960,139960,139960,139960,139960,139960,139960,139960,139960,139960,139960,139960,139960,139960,139960,139960,139960,139960,139960,139960,139960,139960,138786,138790,138790
Tanzania,TZA,GDP (current US$),NY.GDP.MKTP.CD,7406614407.46127,6418799006.80247,6184384225.02712,7197768158.58347,6681997469.31292,6182872707.82523,6550480483.9385,7631431840.49992,9433528150.36609,11158197941.9152,12172790056.3733,12704334195.8151,13371767081.7428,13563990022.3641,14129651895.6911,15211487708.7684,16673062473.3981,18395383647.4975,18619859795.2852,21860434823.4808,27947821397.9272,29400573553.6075,32012892919.37,34657140096.4836,39650394362.9287,45648857242.315,49986726460.6805,47413919817.124,49774409374.4538
Tanzania,TZA,"Population, total",SP.POP.TOTL,24769686,25438759,26110207,26780436,27457588,28332692,29442356,30383497,30945762,31578089,32420458,33300330,34260139,35198299,36121304,37089555,38109668,39182076,40294902,41435512,42570728,43633982,44758488,46029367,47374260,48824128,50351512,52020962,53824013
Tanzania,TZA,Land area (sq. km),AG.LND.TOTL.K2,885800,885800,885800,885800,885800,885800,885800,885800,885800,885800,885800,885800,885800,885800,885800,885800,885800,885800,885800,885800,885800,885800,885800,885800,885800,885800,885800,885800,885800
Thailand,THA,GDP (current US$),NY.GDP.MKTP.CD,61667253471.3736,72250748099.9762,85343190719.0107,98234714971.0612,111452746517.655,128889262951.157,146683778959.101,169278916592.843,183035237429.281,150180456565.728,113675596787.738,126669211778.94,126392224253.794,120296476180.402,134300904400.022,152280615245.887,172895685154.658,189318408468.595,221758296021.621,262942621455.053,291382982430.951,281710630187.319,341104766329.17,370818739623.622,397558325278.579,420333654592.547,407339040197.651,401296238228.084,413366349747.508
Thailand,THA,"Population, total",SP.POP.TOTL,52969595,53848956,54738329,55637434,56528834,57408198,58260854,59098232,59920064,60724584,61522630,62299043,63007815,63651141,64266437,64868166,65452047,66017420,66567687,67102394,67619830,68121080,68579447,69007208,69436098,69845114,70216367,70540795,70859841
Thailand,THA,Land area (sq. km),AG.LND.TOTL.K2,510890,510890,510890,510890,510890,510890,510890,510890,510890,510890,510890,510890,510890,510890,510890,510890,510890,510890,510890,510890,510890,510890,510890,510890,510890,510890,510890,510890,510890
Timor-Leste,TLS,GDP (current US$),NY.GDP.MKTP.CD,..,..,128210142,147713000,187891500,216914400,239040500,262819900,306956900,319972700,325729800,225357600,366924300,477359300,469455500,490439100,440772000,462268000,453792400,542795400,648523600,726937800,881909300,1042534600,1160555000,1395727400,1447535200,1590282400,1640464600
Timor-Leste,TLS,"Population, total",SP.POP.TOTL,730745,744856,760345,778278,799318,821437,844493,868146,892282,917184,942530,834697,745088,812249,879159,916878,929074,948311,976597,1004889,1032429,1058782,1084679,1110207,1134885,1158695,1181903,1205131,1228312
Timor-Leste,TLS,Land area (sq. km),AG.LND.TOTL.K2,14870,14870,14870,14870,14870,14870,14870,14870,14870,14870,14870,14870,14870,14870,14870,14870,14870,14870,14870,14870,14870,14870,14870,14870,14870,14870,14870,14870,14870
Togo,TGO,GDP (current US$),NY.GDP.MKTP.CD,1947208354.22555,1910635575.38044,2299665505.61434,2262767860.10937,2390796915.91958,1741944426.20894,1387662121.46736,1849110468.19569,2069506014.46659,2116818622.95834,2241650112.33333,2226577203.91399,2106848752.27753,2093498674.49678,2410199032.43102,2987984050.99318,3191561508.69088,3221910408.46516,3320907721.74508,3759962853.26476,4578847112.70688,4721888275.26937,4746386893.22553,5422439152.10906,5413541649.14901,6021729629.82454,6393314707.85456,5755457836.01866,6071167584.1951
Togo,TGO,"Population, total",SP.POP.TOTL,3501545,3606918,3714021,3822636,3932581,3887974,3904183,4110450,4291136,4438794,4551635,4665754,4783722,4904144,5027130,5154112,5281320,5413154,5569664,5748443,5936138,6130946,6325788,6500582,6653718,6798848,6937644,7071502,7200884
Togo,TGO,Land area (sq. km),AG.LND.TOTL.K2,54390,54390,54390,54390,54390,54390,54390,54390,54390,54390,54390,54390,54390,54390,54390,54390,54390,54390,54390,54390,54390,54390,54390,54390,54390,54390,54390,54390,54390
Tonga,TON,GDP (current US$),NY.GDP.MKTP.CD,106657267.367342,106344854.986095,113563821.577404,132201141.446861,137066290.550071,138489884.393064,195990986.21421,208871665.748682,222100576.345483,214991452.314998,191504892.761394,199208717.501913,204848487.806485,181117230.406546,182764280.828501,202246591.215502,230678011.42199,261823805.433238,292232703.306768,298519623.342085,344438844.333518,312415028.446113,366887374.989696,414143828.494419,471122971.305043,451788498.263614,440997734.928723,437525538.903019,420828254.541601
Tonga,TON,"Population, total",SP.POP.TOTL,98969,99403,99700,99895,100022,100103,100166,100225,100275,100674,101388,102046,102677,103288,103874,104464,105071,105671,106253,106726,107020,107203,107400,107570,107460,107078,106609,106095,105524
Tonga,TON,Land area (sq. km),AG.LND.TOTL.K2,720,720,720,720,720,720,720,720,720,720,720,720,720,720,720,720,720,720,720,720,720,720,720,720,720,720,720,720,720
Trinidad and Tobago,TTO,GDP (current US$),NY.GDP.MKTP.CD,4496910569.10569,4323058823.52941,5068000000,5307905882.35294,5439552941.17647,4669491134.2478,4947181645.55221,5329217747.21258,5759570336.11287,5737771523.10148,6043686653.62189,6808982520.75759,8154342116.10311,8824849191.03571,9008298228.60273,11305459802.0683,13280291989.5755,15982389018.4041,18369361094.3886,21641620049.9352,27871587349.5413,19172165225.5015,22157920592.3669,25433007437.1605,27147349937.4689,28560537057.1548,29474180005.1333,26841141793.2143,23624322192.6274
Trinidad and Tobago,TTO,"Population, total",SP.POP.TOTL,1230069,1241600,1252208,1262171,1271674,1280466,1288341,1295169,1300928,1305836,1310225,1314708,1319774,1325567,1332011,1338709,1345380,1294494,1297944,1303188,1308587,1310106,1317714,1328019,1335194,1340557,1345343,1349667,1353895
Trinidad and Tobago,TTO,Land area (sq. km),AG.LND.TOTL.K2,5130,5130,5130,5130,5130,5130,5130,5130,5130,5130,5130,5130,5130,5130,5130,5130,5130,5130,5130,5130,5130,5130,5130,5130,5130,5130,5130,5130,5130
Tunisia,TUN,GDP (current US$),NY.GDP.MKTP.CD,10096245762.4352,10101851744.5627,12290568181.8182,13074782608.6957,15496708060.4184,14608335608.1543,15633174304.0905,18030876599.3444,19587161806.7655,20746210353.845,21802893587.126,22943202174.9668,21473528160.7782,22065832448.8623,23141616604.5242,27453902261.4629,31183885241.4396,32272186694.8043,34376664600.5898,38915353866.757,44859439902.2191,43455740497.3061,46206091937.9628,48123325825.0739,47311401812.6733,48685446413.953,50271812920.612,45779494041.9295,44360072680.4476
Tunisia,TUN,"Population, total",SP.POP.TOTL,7974440,8151660,8324509,8501827,8682512,8857910,9018448,9161258,9294432,9421270,9541667,9655963,9764935,9869677,9971515,10071632,10166163,10255472,10346410,10441702,10542635,10650681,10765980,10886035,11009647,11141361,11274288,11402264,11528674
Tunisia,TUN,Land area (sq. km),AG.LND.TOTL.K2,155360,155360,155360,155360,155360,155360,155360,155360,155360,155360,155360,155360,155360,155360,155360,155360,155360,155360,155360,155360,155360,155360,155360,155360,155360,155360,155360,155360,155360
Turkiye,TUR,GDP (current US$),NY.GDP.MKTP.CD,90875175808.7201,107127191328.935,150655500191.644,151034731543.624,159104772991.851,180415757851.616,130650447499.071,234699627004.035,250366965174.129,263817553748.395,276035372654.608,256673939247.773,274748463178.502,202195080239.036,240778008473.845,315392899922.379,410156784495.948,508314210212.544,559668118237.002,685228481017.03,775415944332.866,653894449921.288,782545664268.333,844192507380.795,885327622479.052,962167643588.925,942343431928.654,865460050683.656,870818016909.84
Turkiye,TUR,"Population, total",SP.POP.TOTL,53909626,54976723,56015628,57009887,57990118,58999167,60033836,61024503,61951134,62852966,63734383,64591923,65425961,66245128,67048795,67831730,68592617,69329557,70045349,70158112,71051678,72039206,73142150,74223629,75175827,76147624,77181884,78218479,79277962
Turkiye,TUR,Land area (sq. km),AG.LND.TOTL.K2,769630,769630,769630,769630,769630,769630,769630,769630,769630,769630,769630,769630,769630,769630,769630,769630,769630,769630,769630,769630,769630,769630,769630,769630,769630,769630,769630,769630,769630
Turkmenistan,TKM,GDP (current US$),NY.GDP.MKTP.CD,3010982414.24425,3006988216.55045,3189539641.3171,3208098919.0146,3200539816.0601,3179225948.58114,2561118608.35516,2482228439.71407,2378759975.44506,2450350625.10407,2605689134.49042,2450564100.18292,2904663310.9825,3534772732.39746,4462029108.72349,5977440582.80171,6838351088.46688,8103901996.37024,10276674364.8961,12664165103.1895,19271523178.8079,20214385964.9123,22583157894.7368,29233333333.3333,35164210526.3158,39197543859.6491,43524210526.3158,35799714285.7143,33313947368.4211
Turkmenistan,TKM,"Population, total",SP.POP.TOTL,3559363,3662459,3760562,3855894,3944689,4032407,4116662,4191203,4263819,4336730,4410507,4492170,4582677,4675409,4769465,4863865,4958093,5052257,5147105,5244046,5345029,5451592,5564356,5683417,5808546,5939341,6075283,6215770,6360041
Turkmenistan,TKM,Land area (sq. km),AG.LND.TOTL.K2,..,..,..,..,469930,469930,469930,469930,469930,469930,469930,469930,469930,469930,469930,469930,469930,469930,469930,469930,469930,469930,469930,469930,469930,469930,469930,469930,469930
Turks and Caicos Islands,TCA,GDP (current US$),NY.GDP.MKTP.CD,..,..,..,..,..,..,..,..,..,..,..,..,..,358744800,366707900,409753600,485598800,578645800,721891500,773490000,862684000,703176000,686788000,842941000,832848000,863328000,956605000,1078274000,1202078000
Turks and Caicos Islands,TCA,"Population, total",SP.POP.TOTL,10775,11193,11688,12305,12970,13648,14344,15052,15765,16482,17212,17959,18730,19576,20597,21727,22856,23988,25123,26270,27427,28588,29739,30846,32127,33653,35050,36605,38315
Turks and Caicos Islands,TCA,Land area (sq. km),AG.LND.TOTL.K2,950,950,950,950,950,950,950,950,950,950,950,950,950,950,950,950,950,950,950,950,950,950,950,950,950,950,950,950,950
Tuvalu,TUV,GDP (current US$),NY.GDP.MKTP.CD,7011059.37136205,8454523.24729257,9542900.90136505,10127313.9132358,10535028.1423687,10414399.9564792,11772610.6579341,11922614.1984666,13338597.3300737,13734210.096632,13795146.2092638,14800503.2582747,14881202.5785774,14139705.2510497,16639799.8873171,19584879.571753,22878877.9130312,22846519.1722166,24274966.4338055,28547819.7129545,31602915.0009478,27851666.1740196,32425361.8050211,39665361.1329159,38912985.1801769,38767554.542532,38643167.2951054,36755290.7767318,41306141.62505
Tuvalu,TUV,"Population, total",SP.POP.TOTL,8518,8662,8798,8928,9038,9126,9207,9280,9342,9400,9451,9496,9544,9586,9623,9695,9816,9940,10056,10182,10321,10461,10614,10780,10934,11001,10984,10963,10930
Tuvalu,TUV,Land area (sq. km),AG.LND.TOTL.K2,30,30,30,30,30,30,30,30,30,30,30,30,30,30,30,30,30,30,30,30,30,30,30,30,30,30,30,30,30
Uganda,UGA,GDP (current US$),NY.GDP.MKTP.CD,6508931651.66667,5276480799.33868,4304399310.30967,3321729159.62277,2857457761.90922,3220439044.18949,3990430446.71216,5755818842.49246,6044585326.938,6269333313.17108,6584815846.52754,5998563257.94659,6193246837.09687,5840503868.51573,6178563591.12051,6606884275.23087,7939487547.77384,9239221763.05793,9977647682.96954,11902564494.8833,14440404132.2047,25127805566.6584,26673441430.7857,27871725241.4723,27305915910.7877,28915786516.6123,32612397257.4458,32387183730.1002,29203988696.2626
Uganda,UGA,"Population, total",SP.POP.TOTL,16470483,17010698,17569897,18155901,18785032,19445161,20108801,20665667,21231550,21856046,22515806,23257281,24000150,24745676,25532870,26352124,27154515,27963289,28794003,29653430,30539553,31451151,32390802,33354543,34337438,35337042,36395539,37531446,38799152
Uganda,UGA,Land area (sq. km),AG.LND.TOTL.K2,199810,199810,199810,199810,199810,199810,199810,199810,199810,199810,199810,199810,199810,199810,199810,199810,199810,199810,199810,199810,199810,199810,200520,200520,200520,200520,200520,200520,200520
Ukraine,UKR,GDP (current US$),NY.GDP.MKTP.CD,74703517902.6642,82709161099.1244,81393558423.4406,77350733982.4458,73945908383.7046,65648559903.0571,52549580264.8064,48213856468.5718,44558831005.0621,50151531591.7317,41882523345.1804,31580639553.8298,32375083934.8241,39309580983.2282,43956163612.0433,52010355753.0461,67220154164.3166,89238865118.5263,111884752475.248,148733861386.139,188110390659.515,121552153444.124,141209170427.233,169333835201.554,182591753827.949,190498811460.028,133503871861.723,91030967789.0717,93355869403.9223
Ukraine,UKR,"Population, total",SP.POP.TOTL,51724853,51917817,52054092,52170961,52323671,52350126,52075998,51665539,51226109,50786885,50379731,49976446,49556660,49106855,48677281,48315136,47979507,47585556,47278694,47062798,46819175,46623731,46456003,46307853,46210056,46126770,45972380,45784896,45616832
Ukraine,UKR,Land area (sq. km),AG.LND.TOTL.K2,..,..,..,..,579350,579350,579350,579350,579350,579350,579350,579350,579350,579350,579340,579340,579340,579380,579360,579330,579320,579320,579320,579320,579320,579320,579290,579290,579290
United Arab Emirates,ARE,GDP (current US$),NY.GDP.MKTP.CD,36275613876.8575,41464966301.7919,50701374187.331,51552058250.3806,54239188745.5001,55625269485.1866,59305111227.5034,65743604965.7557,73571217376.7336,78838886862.1575,75674384204.7668,84445399334.7235,104337463730.167,103311631797.329,109816091078.603,124346476180.46,147824249957.985,180617467954.23,222116532963.026,257916148767.436,315474615741.223,253547358746.804,307736348527.33,368881033962.57,392793559050.783,409632574702.715,424935834104.193,381973135513.065,381717208620.964
United Arab Emirates,ARE,"Population, total",SP.POP.TOTL,1681788,1789851,1898220,2006626,2114730,2222093,2328188,2434662,2597564,2817410,3040421,3266009,3493575,3723590,3956826,4192457,4428967,4664790,5009100,5624635,6302664,6707058,6869838,7104538,7391448,7693031,8059440,8505237,8935095
United Arab Emirates,ARE,Land area (sq. km),AG.LND.TOTL.K2,71020,71020,71020,71020,71020,71020,71020,71020,71020,71020,71020,71020,71020,71020,71020,71020,71020,71020,71020,71020,71020,71020,71020,71020,71020,71020,71020,71020,71020
United Kingdom,GBR,GDP (current US$),NY.GDP.MKTP.CD,910122732123.799,926884816753.927,1093169389204.55,1142797178130.51,1179659529659.53,1061388722255.55,1140489745944.29,1349094208616.06,1425287051482.06,1569317288801.57,1660821464060.95,1693458987218.9,1671597821152.97,1656171009068.66,1790536570743.41,2061227755102.04,2429774807762.72,2551361818181.82,2719558417663.29,3104699879951.98,2945251838235.29,2429358155475.93,2496740681057.14,2675590034128.66,2719715961539.83,2796908333283.39,3085362169410.29,2945579890258.46,2706807606538.73
United Kingdom,GBR,"Population, total",SP.POP.TOTL,56928327,57076711,57247586,57424897,57580402,57718614,57865745,58019030,58166950,58316954,58487141,58682466,58892514,59119673,59370479,59647577,59987905,60401206,60846820,61322463,61806995,62276270,62766365,63258810,63711000,64138000,64619000,65087000,65606000
United Kingdom,GBR,Land area (sq. km),AG.LND.TOTL.K2,241930,241930,241930,241930,241930,241930,241930,241930,241930,241930,241930,241930,241930,241930,241930,241930,241930,241930,241930,241930,241930,241930,241930,241930,241930,241930,241930,241930,241930
United States,USA,GDP (current US$),NY.GDP.MKTP.CD,5236438000000,5641580000000,5963144000000,6158129000000,6520327000000,6858559000000,7287236000000,7639749000000,8073122000000,8577552000000,9062817000000,9631172000000,10250952000000,10581929000000,10929108000000,11456450000000,12217196000000,13039197000000,13815583000000,14474228000000,14769862000000,14478067000000,15048971000000,15599732000000,16253970000000,16880683000000,17608138000000,18295019000000,18804913000000
United States,USA,"Population, total",SP.POP.TOTL,244499000,246819000,249623000,252981000,256514000,259919000,263126000,266278000,269394000,272657000,275854000,279040000,282162411,284968955,287625193,290107933,292805298,295516599,298379912,301231207,304093966,306771529,309378227,311839461,314339099,316726282,319257560,321815121,324353340
United States,USA,Land area (sq. km),AG.LND.TOTL.K2,9158960,9158960,9158960,9158960,9158960,9158960,9158960,9158960,9158960,9158960,9158960,9158960,9161920,9161920,9161920,9161920,9161920,9161920,9161920,9161920,9147420,9147420,9147420,9147420,9147420,9147420,9147420,9147420,9147420
Upper middle income,UMC,GDP (current US$),NY.GDP.MKTP.CD,1949072009549.52,2132376280600.83,2473739364735.27,2410640500595.07,2582335563908.3,2843925173135.26,3207856037634.24,3715826421204.09,4109725004123.6,4370993512297.64,4227162980183.22,4132511001157.02,4507754295878.04,4509040189335.72,4553680056521.29,5071283063644.65,5972840657142.61,7097354678868.01,8371855781848.93,10288887282489.9,12452519927310.1,12377976349831.6,15141574779332.9,18081813106490.9,19328537995113.8,20573131213543.3,21389435063220.6,20660115075151.9,20790061776936.1
Upper middle income,UMC,"Population, total",SP.POP.TOTL,2166256853,2204110210,2241081172,2276305314,2309744108,2341537701,2372325180,2402627925,2432718091,2462495090,2491668937,2519647655,2546593734,2572390086,2596717081,2620475154,2644417001,2668324624,2691900432,2714303370,2737948611,2761866575,2785553248,2810067448,2836944313,2863821883,2890794270,2916662642,2941432440
Upper middle income,UMC,Land area (sq. km),AG.LND.TOTL.K2,40041746.352,40041746.352,40041746.352,40042626.352,44285211.352,44285255.352,44285231.352,44285201.352,44285177.352,44285168.352,44256527.352,44256136.352,44307538.352,44307557.552,44305995.778,44312793.368,44312580.129,44315432.501,44419333.103,44418864.503,44419093.497,44416534.744,44416892.028,44417241.557,44417199.557,44414159.993,44414362.531,44413646.01,44413606.01
Uruguay,URY,GDP (current US$),NY.GDP.MKTP.CD,8213538368.84635,8438951476.06644,9298807850.29979,11206176650.9075,12878148790.7348,15002136971.1745,17474588895.8918,19297663096.5506,20515458113.5857,23969739233.8966,25385886977.5228,23983945190.6202,22823270892.1094,20898761742.2386,13606515722.5864,12045638351.8507,13686329890.1191,17362857683.8545,19741420739.8901,23797773024.3992,31119602538.8322,32708319077.5179,41950361211.9581,50342406067.0777,54232266358.7811,61337621933.7857,61496186973.902,57680327998.6689,57480787465.2716
Uruguay,URY,"Population, total",SP.POP.TOTL,3067961,3086255,3104403,3122354,3139702,3156345,3172834,3189440,3206324,3223345,3239280,3254015,3266206,3274251,3278867,3281186,3283148,3285771,3289506,3295153,3302177,3310091,3318580,3326825,3335401,3345337,3356334,3368017,3379283
Uruguay,URY,Land area (sq. km),AG.LND.TOTL.K2,175020,175020,175020,175020,175020,175020,175020,175020,175020,175020,175020,175020,175020,175020,175020,175020,175020,175020,175020,175020,175020,175020,175020,175020,175020,175020,175020,175020,175020
Uzbekistan,UZB,GDP (current US$),NY.GDP.MKTP.CD,10722799639.3121,11948815258.1132,13362340337.8657,13800167711.5003,12953801760.2414,13099920055.9608,12899074922.38,13350461264.9969,13948892215.5689,14744603773.5849,14988971210.8383,17078465982.0282,13760513969.314,11401421329.1974,9687788512.80184,10134453435.4603,12030023547.8807,14307509838.8053,17330833852.919,22311393927.8817,29549438883.8338,33689223673.2577,55544226552.8467,67404618404.5392,75318846931.3239,82674178351.6216,91303765114.0144,97564568986.8161,97871364319.3985
Uzbekistan,UZB,"Population, total",SP.POP.TOTL,19460630,19977183,20464956,20962910,21485090,21987955,22463291,22917589,23351981,23758960,24134929,24476008,24787054,25090283,25399980,25711259,26029350,26356975,26699043,27076008,27494774,27939328,28385506,28823196,29261903,29724065,30222994,30749346,31284568
Uzbekistan,UZB,Land area (sq. km),AG.LND.TOTL.K2,..,..,..,..,425400,425400,425400,425400,425400,425400,425400,425400,435965,435911,435911,435877,435853,435849,435850,435984,435967,435945,435892,435809,435800,435789,435789,440600,440591
Vanuatu,VUT,GDP (current US$),NY.GDP.MKTP.CD,158351368.433149,154013202.116475,168879207.244148,201334169.054441,209088824.608438,200491853.167847,233701301.490486,249333250.082507,261370044.486614,272771209.113662,262293410.708334,268006972.690296,272014627.835262,257926881.72043,262596535.549028,314471413.001776,364996869.129618,394962433.029368,439358586.535588,516392922.513728,590748429.401902,592622319.145664,670712979.682038,770153588.218833,747839697.746593,863347171.906814,879185478.498067,855360239.609869,908725512.790966
Vanuatu,VUT,"Population, total",SP.POP.TOTL,140756,144393,148063,151793,155608,159463,163314,167137,170911,174626,178313,182048,186281,191031,195863,200746,205711,210760,215923,221276,226896,232731,238248,243474,248883,254482,260240,266101,272087
Vanuatu,VUT,Land area (sq. km),AG.LND.TOTL.K2,12190,12190,12190,12190,12190,12190,12190,12190,12190,12190,12190,12190,12190,12190,12190,12190,12190,12190,12190,12190,12190,12190,12190,12190,12190,12190,12190,12190,12190
"Venezuela, RB",VEN,GDP (current US$),NY.GDP.MKTP.CD,60226413793.1035,43536709104.0115,48606952194.7752,53453444786.6256,60416519620.0849,60037460783.1941,58418666666.6667,77389487770.0883,70543211119.099,85837678559.8324,91336763255.0597,97972842461.5131,117146466002.661,122911036746.729,92893587733.6549,83620628582.1082,112451400424.964,145513489651.872,183477522123.894,230364012575.687,315953388510.678,329787628928.472,393192354510.653,316482190800.364,371846610182.327,258512396297.714,214838755021.964,125249941853.534,112948035494.959
"Venezuela, RB",VEN,"Population, total",SP.POP.TOTL,18871020,19348921,19827010,20304896,20780948,21254520,21725188,22193821,22662113,23131685,23601337,24066593,24526708,24979922,25435671,25892703,26340838,26785804,27224686,27649363,28053696,28438298,28813101,29185212,29553826,29912198,30254079,30573972,30765720
"Venezuela, RB",VEN,Land area (sq. km),AG.LND.TOTL.K2,882050,882050,882050,882050,882050,882050,882050,882050,882050,882050,882050,882050,882050,882050,882050,882050,882050,882050,882050,882050,882050,882050,882050,882050,882050,882050,882050,882050,882050
Viet Nam,VNM,GDP (current US$),NY.GDP.MKTP.CD,25423812648.5941,6293304974.59403,6471740805.56984,9613369520.41885,9866990236.43587,13180953598.1716,16286433533.3228,20736164458.9505,24657470574.7501,26843700441.5482,27209602050.0452,28683659006.7752,31172518403.3162,32685198808.5549,35064105500.8344,39552513231.9169,45427854693.2554,57633255738.1992,66371664817.0436,77414425532.2452,99130304099.1274,106014659565.214,147201173196.979,172595049183.925,195590661129.249,213708811665.34,233451469642.519,239258328381.741,257096001177.982
Viet Nam,VNM,"Population, total",SP.POP.TOTL,62843228,64147348,65504552,66891775,68260337,69586384,70854391,72049940,73156447,74226889,75299660,76287452,77154011,77969361,78772224,79563777,80338971,81088313,82167897,83633375,85175788,86460018,87455152,88468314,89510356,90573104,91679578,92823254,94000117
Viet Nam,VNM,Land area (sq. km),AG.LND.TOTL.K2,325490,325490,325490,325490,325490,325490,325490,325490,325490,325490,325490,325490,311060,311090,310550,310070,310070,312837,312795,312558,312792,312762,313294,313284,313457,313007.33,313371,313383,313387
Virgin Islands (U.S.),VIR,GDP (current US$),NY.GDP.MKTP.CD,..,..,..,..,..,..,..,..,..,..,..,..,..,..,3262000000,3443000000,3797000000,4428000000,4484000000,4784000000,4244000000,4201000000,4324000000,4223000000,4089000000,3738000000,3565000000,3663000000,3798000000
Virgin Islands (U.S.),VIR,"Population, total",SP.POP.TOTL,100952,101041,103963,104807,105712,106578,107318,107818,108095,108357,108537,108599,108642,108549,108509,108505,108466,108453,108369,108337,108397,108404,108357,108290,108188,108041,107882,107712,107516
Virgin Islands (U.S.),VIR,Land area (sq. km),AG.LND.TOTL.K2,350,350,350,350,350,350,350,350,350,350,350,350,350,350,350,350,350,350,350,350,350,350,350,350,350,350,350,350,350
West Bank and Gaza,PSE,GDP (current US$),NY.GDP.MKTP.CD,..,..,..,..,..,..,2843300000,3282800000,3409600000,3759800000,4067800000,4271200000,4313600000,4003700000,3555800000,3968000000,4603100000,5125700000,5348300000,5815700000,7310400000,8085700000,9681500000,11186100000,12208400000,13515500000,13989700000,13972400000,15405400000
West Bank and Gaza,PSE,"Population, total",SP.POP.TOTL,..,..,1978248,2068845,2163591,2262676,2366298,2474666,2587997,2706518,2776568,2848431,2922153,2997784,3075373,3154969,3236626,3320396,3406334,3494496,3591977,3689099,3786161,3882986,3979998,4076708,4173398,4270092,4367088
West Bank and Gaza,PSE,Land area (sq. km),AG.LND.TOTL.K2,6020,6020,6020,6020,6020,6020,6020,6020,6020,6020,6020,6020,6020,6020,6020,6020,6020,6020,6020,6020,6020,6020,6020,6020,6020,6020,6020,6020,6020
World,WLD,GDP (current US$),NY.GDP.MKTP.CD,19597682774627.7,20467635430294.5,22991895905266.2,23998499386379.8,25631432757013.7,26071136171460.6,28066274308784.1,31338014339198.1,32064860700885.1,31954804098164.9,31780795899557.2,32829035976968.2,33965806441911.9,33747838963540,35048255697763.3,39288473726074.5,44264898214305.3,47938461749088.8,51965655998564.4,58574302755950.8,64378551514749.4,61049315651690.3,66893676131662.8,74388644404622.5,76055253368044.6,78171001460419,80243543597078.9,75839351828606.2,77084966373474
World,WLD,"Population, total",SP.POP.TOTL,5116898810,5207378374,5298962018,5388203305,5476822930,5564459142,5650534421,5736205135,5822327903,5908180322,5993730786,6078069822,6161528496,6244739668,6327171255,6409352386,6492354627,6575410029,6659536021,6744049498,6830080867,6916168196,7000860073,7086704141,7176482165,7265404737,7353532223,7441084771,7528221579
World,WLD,Land area (sq. km),AG.LND.TOTL.K2,104213605.189,104212615.269,104212615.349,104214525.429,125847587.509,127070211.589,127058454.669,127055504.749,127055049.533,127124389.316,127098357.098,127105144.879,127197039.12,127195859.099,127193662.104,127200488.472,127347329.935,127350082.284,127449870.366,127449642.716,127433762.3,127432203.247,127434580.443,127435590.359,129935603.592,129933831.446,129931362.692,129936951.652,129949309.416
"Yemen, Rep.",YEM,GDP (current US$),NY.GDP.MKTP.CD,..,..,12643821568.9626,14665445462.1149,17959367194.005,21736802664.4463,28019483763.5304,12796345679.0123,6496163615.66086,6838298530.54911,6322175565.94651,7639325295.88287,9679316770.18633,9852990692.98714,10693430511.4664,11777532662.0499,13867634371.4773,16731566717.1888,19063143369.858,21650528674.0933,26910855807.288,25130278212.5575,30906749533.221,32726417878.391,35401331609.5916,40415233436.1767,43228585321.3272,42444490073.8555,31317825274.1507
"Yemen, Rep.",YEM,"Population, total",SP.POP.TOTL,12859708,13364174,13887862,14430201,14989494,15563914,16149147,16740058,17313177,17873936,18446013,19029420,19624141,20226147,20835086,21456379,22095167,22790085,23543083,24318082,25111941,25927724,26754387,27582897,28433647,29312952,30226309,31159379,32109010
"Yemen, Rep.",YEM,Land area (sq. km),AG.LND.TOTL.K2,527970,527970,527970,527970,527970,527970,527970,527970,527970,527970,527970,527970,527970,527970,527970,527970,527970,527970,527970,527970,527970,527970,527970,527970,527970,527970,527970,527970,527970
Zambia,ZMB,GDP (current US$),NY.GDP.MKTP.CD,3728878148.80792,3994673161.02649,3288381797.32415,3376806697.1218,3182810841.01704,3273505343.85539,3656806165.78848,3806983413.16416,3597220962.00017,4303288479.7086,3537741941.89367,3404284890.5306,3600632111.41414,4094441301.21423,4193850445.42632,4901869764.05957,6221110219.45542,8331870169.14977,12756858899.2812,14056957976.2648,17910858637.9048,15328342303.9575,20265559483.8548,23459515275.5776,25503060420.026,28037239462.7142,27141023558.0829,21251216798.7762,20958412538.3093
Zambia,ZMB,"Population, total",SP.POP.TOTL,7391440,7589216,7786169,7981650,8176680,8373921,8576269,8785763,9004053,9237063,9482408,9740005,10017631,10325185,10647949,10983595,11338198,11718819,12129553,12565085,13021324,13490389,13965594,14437796,14913629,15398997,15895315,16399089,16914423
Zambia,ZMB,Land area (sq. km),AG.LND.TOTL.K2,743390,743390,743390,743390,743390,743390,743390,743390,743390,743390,743390,743390,743390,743390,743390,743390,743390,743390,743390,743390,743390,743390,743390,743390,743390,743390,743390,743390,743390
Zimbabwe,ZWE,GDP (current US$),NY.GDP.MKTP.CD,7818774176.83792,8290553535.28012,8788301546.04498,8646000000,6755000000,6567250000,6894250000,7115000000,8557500000,8534000000,6405250000,6861500000,6693250000,6780750000,6345250000,5730500000,5808500000,5758250000,5446750000,5294750000,4418000000,9670750000,12047750000,14109000000,17123500000,19100750000,19505500000,19973250000,20559250000
Zimbabwe,ZWE,"Population, total",SP.POP.TOTL,9583094,9864798,10137281,10404816,10702700,10860288,10873148,10974599,11158360,11369827,11594297,11783458,11892055,11971901,12087653,12232323,12365896,12483432,12636445,12804058,12959149,13142790,13356548,13595424,13817887,14013808,14207359,14399013,14600294
Zimbabwe,ZWE,Land area (sq. km),AG.LND.TOTL.K2,386850,386850,386850,386850,386850,386850,386850,386850,386850,386850,386850,386850,386850,386850,386850,386850,386850,386850,386850,386850,386850,386850,386850,386850,386850,386850,386850,386850,386850
,,,,,,,,,,,,,,,,,,,,,,,,,,,,,,,,
,,,,,,,,,,,,,,,,,,,,,,,,,,,,,,,,
,,,,,,,,,,,,,,,,,,,,,,,,,,,,,,,,
Data from database: World Development Indicators,,,,,,,,,,,,,,,,,,,,,,,,,,,,,,,,
Last Updated: 07/13/2026,,,,,,,,,,,,,,,,,,,,,,,,,,,,,,,,
